id,TransactionFrequency,IncomingTransactionAmount,OutgoingTransactionAmount,MaxIncomingAmount,MaxOutgoingAmount,UniqueRecipients,TransactionTime,JustBelowThreshold,IsSuspicious,TransactionDate
7,4,237.0,342.0,1443.0,1392.0,4,1,1,0,2024-02-05 05:00:00
4,3,497.0,86.0,1247.0,964.0,4,0,1,0,2024-01-25 12:00:00
11,2,32.0,305.0,1221.0,821.0,1,0,1,0,2024-01-21 07:00:00
8,2,67.0,432.0,1327.0,977.0,4,0,1,0,2024-01-03 06:00:00
5,4,334.0,9.0,947.0,819.0,1,0,1,0,2024-01-04 23:00:00
7,4,27.0,26.0,1306.0,990.0,4,0,1,0,2024-01-14 01:00:00
10,8,2537.0,2120.0,3492.0,2880.0,4,1,1,1,2024-02-09 03:00:00
3,4,405.0,117.0,1425.0,1093.0,2,0,1,0,2024-02-08 10:00:00
7,3,237.0,26.0,944.0,1195.0,4,0,1,0,2024-01-12 14:00:00
11,2,32.0,305.0,1054.0,865.0,2,1,1,0,2024-01-07 05:00:00
11,2,32.0,305.0,755.0,1239.0,4,1,1,0,2024-01-24 18:00:00
8,1,67.0,432.0,1243.0,1167.0,4,0,1,0,2024-01-04 09:00:00
5,2,334.0,9.0,577.0,620.0,3,0,1,0,2024-02-07 19:00:00
4,4,497.0,86.0,1373.0,1073.0,1,0,1,0,2024-01-17 04:00:00
8,2,236.0,44.0,1329.0,757.0,2,0,1,0,2024-01-11 09:00:00
8,3,67.0,44.0,717.0,1305.0,2,1,1,0,2024-01-04 19:00:00
3,2,18.0,6.0,1310.0,926.0,2,0,1,0,2024-01-16 10:00:00
6,1,54.0,52.0,1287.0,1495.0,1,0,1,0,2024-01-28 22:00:00
5,2,73.0,210.0,1133.0,593.0,3,1,1,0,2024-02-10 06:00:00
2,7,1637.0,704.0,2148.0,3850.0,7,1,1,1,2024-02-11 06:00:00
8,3,67.0,44.0,772.0,1174.0,1,1,1,0,2024-01-29 09:00:00
12,6,2280.0,2987.0,3224.0,4640.0,6,1,1,1,2024-01-29 02:00:00
6,2,258.0,375.0,819.0,808.0,2,0,1,0,2024-01-19 03:00:00
2,6,969.0,2906.0,2016.0,4958.0,7,1,1,1,2024-01-02 15:00:00
12,5,945.0,2987.0,3985.0,5000.0,7,1,1,1,2024-01-16 20:00:00
5,4,334.0,9.0,1329.0,733.0,2,1,1,0,2024-02-10 15:00:00
1,1,497.0,95.0,849.0,727.0,2,0,1,0,2024-02-04 03:00:00
12,9,2280.0,2987.0,4646.0,2733.0,3,1,1,1,2024-01-09 05:00:00
10,6,833.0,2120.0,4259.0,2018.0,5,1,1,1,2024-02-07 16:00:00
6,2,258.0,375.0,1385.0,783.0,1,0,1,0,2024-01-09 10:00:00
12,9,2280.0,2987.0,3229.0,4290.0,8,1,1,1,2024-01-21 01:00:00
9,3,84.0,157.0,962.0,778.0,4,0,1,0,2024-01-31 18:00:00
1,4,52.0,247.0,915.0,1272.0,1,1,1,0,2024-01-02 08:00:00
11,1,474.0,305.0,514.0,1152.0,4,0,1,0,2024-01-23 17:00:00
11,4,474.0,8.0,796.0,1333.0,1,0,1,0,2024-01-26 23:00:00
10,7,833.0,2120.0,4470.0,3129.0,9,1,1,1,2024-02-07 14:00:00
12,9,945.0,691.0,2870.0,3760.0,6,1,1,1,2024-02-01 20:00:00
12,5,945.0,691.0,2044.0,2784.0,9,1,1,1,2024-01-26 09:00:00
3,1,18.0,6.0,885.0,549.0,3,0,1,0,2024-02-11 14:00:00
12,7,2280.0,2987.0,3725.0,4946.0,9,1,1,1,2024-01-17 21:00:00
7,2,237.0,26.0,930.0,1433.0,3,0,1,0,2024-02-06 10:00:00
4,4,497.0,421.0,1241.0,1024.0,2,0,1,0,2024-02-09 07:00:00
9,2,227.0,96.0,1363.0,772.0,3,1,1,0,2024-01-21 00:00:00
3,1,405.0,6.0,1032.0,900.0,1,0,1,0,2024-02-10 07:00:00
5,2,73.0,9.0,1290.0,1099.0,1,0,1,0,2024-01-18 09:00:00
3,3,405.0,6.0,797.0,1153.0,3,0,1,0,2024-01-03 05:00:00
7,3,237.0,342.0,1042.0,654.0,2,0,1,0,2024-02-01 05:00:00
5,4,73.0,210.0,846.0,1478.0,3,0,1,0,2024-01-03 09:00:00
9,1,227.0,96.0,915.0,1045.0,2,0,1,0,2024-01-14 02:00:00
7,3,237.0,342.0,1233.0,636.0,4,0,1,0,2024-01-01 04:00:00
2,5,969.0,704.0,2985.0,3920.0,5,1,1,1,2024-01-31 06:00:00
4,1,44.0,421.0,622.0,575.0,4,1,1,0,2024-01-19 22:00:00
9,2,227.0,96.0,1135.0,1408.0,3,0,1,0,2024-02-08 05:00:00
12,7,2280.0,691.0,3207.0,4694.0,6,1,1,1,2024-02-10 23:00:00
2,8,969.0,2906.0,3982.0,4581.0,9,1,1,1,2024-01-03 21:00:00
10,6,833.0,2120.0,4639.0,2190.0,7,1,1,1,2024-01-01 11:00:00
9,1,84.0,96.0,812.0,838.0,4,0,1,0,2024-01-02 01:00:00
10,8,2537.0,825.0,3464.0,4741.0,5,1,1,1,2024-01-30 09:00:00
5,2,334.0,210.0,744.0,1030.0,3,0,1,0,2024-02-11 12:00:00
2,7,1637.0,2906.0,4192.0,4838.0,6,1,1,1,2024-01-18 20:00:00
4,2,44.0,421.0,836.0,1425.0,2,0,1,0,2024-01-19 01:00:00
12,8,2280.0,691.0,3124.0,2386.0,6,1,1,1,2024-01-31 08:00:00
12,7,2280.0,691.0,2549.0,2079.0,6,1,1,1,2024-02-03 03:00:00
7,2,237.0,26.0,1487.0,804.0,3,0,1,0,2024-01-01 10:00:00
12,7,2280.0,691.0,3291.0,4065.0,8,1,1,1,2024-01-07 22:00:00
8,1,67.0,44.0,1254.0,1129.0,1,0,1,0,2024-01-18 15:00:00
3,3,405.0,117.0,1372.0,1431.0,1,0,1,0,2024-01-28 13:00:00
1,1,497.0,95.0,1179.0,1177.0,2,0,1,0,2024-01-23 14:00:00
4,1,497.0,421.0,912.0,808.0,3,0,1,0,2024-01-16 01:00:00
2,6,969.0,704.0,3360.0,4790.0,3,1,1,1,2024-02-03 21:00:00
8,1,67.0,44.0,704.0,1051.0,2,0,1,0,2024-01-11 21:00:00
4,3,497.0,86.0,828.0,1291.0,3,0,1,0,2024-01-16 02:00:00
2,5,969.0,2906.0,4053.0,3145.0,8,1,1,1,2024-01-26 16:00:00
6,4,258.0,52.0,1076.0,1080.0,3,0,1,0,2024-01-11 13:00:00
6,2,54.0,375.0,523.0,846.0,2,0,1,0,2024-01-04 16:00:00
10,7,2537.0,2120.0,3892.0,3248.0,4,1,1,1,2024-02-02 21:00:00
4,3,497.0,421.0,1197.0,967.0,2,0,1,0,2024-01-16 16:00:00
6,2,54.0,52.0,996.0,577.0,4,0,1,0,2024-02-01 10:00:00
2,8,969.0,704.0,3080.0,2236.0,9,1,1,1,2024-01-21 18:00:00
10,7,2537.0,825.0,2239.0,3379.0,7,1,1,1,2024-01-30 00:00:00
12,9,945.0,2987.0,4954.0,3813.0,9,1,1,1,2024-01-15 08:00:00
2,7,969.0,704.0,4004.0,2516.0,6,1,1,1,2024-01-13 03:00:00
10,9,833.0,2120.0,3465.0,3050.0,3,1,1,1,2024-01-25 01:00:00
4,4,497.0,421.0,1265.0,1442.0,3,0,1,0,2024-01-30 13:00:00
8,2,67.0,432.0,1179.0,1373.0,4,0,1,0,2024-01-24 23:00:00
7,2,237.0,342.0,1273.0,953.0,2,0,1,0,2024-01-22 09:00:00
12,6,2280.0,2987.0,2894.0,4808.0,5,1,1,1,2024-01-07 09:00:00
9,4,84.0,96.0,1277.0,501.0,4,1,1,0,2024-01-22 01:00:00
8,3,236.0,44.0,1112.0,1114.0,4,1,1,0,2024-02-07 23:00:00
5,1,73.0,9.0,1358.0,1117.0,1,0,1,0,2024-02-09 10:00:00
2,5,1637.0,704.0,2122.0,2178.0,8,1,1,1,2024-02-04 00:00:00
5,4,334.0,210.0,909.0,897.0,2,0,1,0,2024-01-06 16:00:00
8,3,236.0,432.0,1386.0,956.0,1,1,1,0,2024-02-04 09:00:00
10,9,833.0,825.0,2465.0,3883.0,8,1,1,1,2024-02-04 06:00:00
9,1,227.0,157.0,1215.0,1231.0,4,0,1,0,2024-02-08 22:00:00
12,7,2280.0,691.0,3800.0,2703.0,7,1,1,1,2024-01-19 04:00:00
12,7,945.0,691.0,4330.0,2254.0,7,1,1,1,2024-01-21 09:00:00
12,5,945.0,2987.0,4248.0,2778.0,3,1,1,1,2024-01-18 12:00:00
9,4,227.0,157.0,1253.0,763.0,3,0,1,0,2024-01-13 02:00:00
1,4,52.0,247.0,966.0,1026.0,3,0,1,0,2024-02-03 18:00:00
9,1,84.0,96.0,1375.0,612.0,4,0,1,0,2024-01-14 10:00:00
7,4,237.0,26.0,704.0,1369.0,3,0,1,0,2024-01-20 19:00:00
9,3,227.0,157.0,628.0,798.0,2,0,1,0,2024-01-15 22:00:00
8,1,67.0,44.0,786.0,663.0,2,1,1,0,2024-01-10 09:00:00
1,1,52.0,247.0,1032.0,1176.0,2,1,1,0,2024-01-06 17:00:00
12,8,945.0,691.0,2987.0,2057.0,4,1,1,1,2024-02-06 06:00:00
8,4,67.0,432.0,1321.0,1120.0,2,1,1,0,2024-01-07 11:00:00
8,2,236.0,44.0,905.0,1199.0,1,0,1,0,2024-02-03 10:00:00
11,3,474.0,305.0,985.0,715.0,2,0,1,0,2024-01-14 06:00:00
3,1,405.0,117.0,514.0,542.0,2,0,1,0,2024-01-10 18:00:00
1,1,497.0,247.0,910.0,864.0,3,1,1,0,2024-01-30 17:00:00
8,1,67.0,432.0,1148.0,599.0,2,0,1,0,2024-01-16 07:00:00
3,3,18.0,6.0,516.0,617.0,4,0,1,0,2024-01-30 14:00:00
3,3,405.0,117.0,781.0,755.0,1,1,1,0,2024-01-24 01:00:00
1,2,52.0,95.0,708.0,796.0,3,0,1,0,2024-02-04 01:00:00
11,2,474.0,305.0,542.0,1030.0,1,0,1,0,2024-01-18 04:00:00
5,2,73.0,9.0,980.0,1179.0,4,0,1,0,2024-01-31 19:00:00
10,5,833.0,825.0,3109.0,4354.0,4,1,1,1,2024-01-21 19:00:00
7,1,27.0,342.0,1244.0,649.0,3,0,1,0,2024-01-28 01:00:00
10,9,833.0,825.0,2988.0,3945.0,6,1,1,1,2024-01-19 14:00:00
9,2,84.0,157.0,1046.0,1379.0,1,0,1,0,2024-01-02 20:00:00
12,5,2280.0,691.0,3833.0,2108.0,5,1,1,1,2024-01-10 15:00:00
7,2,27.0,342.0,951.0,1370.0,4,0,1,0,2024-01-19 06:00:00
9,4,227.0,96.0,1014.0,872.0,3,0,1,0,2024-02-10 16:00:00
8,4,236.0,432.0,1490.0,1115.0,2,0,1,0,2024-02-03 15:00:00
12,9,945.0,691.0,4614.0,4745.0,9,1,1,1,2024-02-01 18:00:00
2,6,1637.0,2906.0,3173.0,2317.0,6,1,1,1,2024-01-07 08:00:00
1,2,52.0,247.0,543.0,970.0,3,0,1,0,2024-02-06 08:00:00
7,4,27.0,26.0,947.0,1003.0,3,0,1,0,2024-01-21 11:00:00
7,3,237.0,26.0,571.0,701.0,4,0,1,0,2024-01-19 13:00:00
8,1,67.0,432.0,1230.0,816.0,4,0,1,0,2024-01-18 00:00:00
5,2,334.0,9.0,1109.0,1292.0,3,0,1,0,2024-01-06 04:00:00
3,1,405.0,6.0,1207.0,1416.0,3,0,1,0,2024-01-16 03:00:00
12,6,945.0,2987.0,2047.0,3057.0,3,1,1,1,2024-01-03 13:00:00
8,3,236.0,432.0,870.0,807.0,3,0,1,0,2024-01-12 01:00:00
6,3,54.0,52.0,546.0,696.0,4,1,1,0,2024-01-09 00:00:00
11,1,32.0,305.0,850.0,1179.0,1,0,1,0,2024-01-15 02:00:00
3,1,405.0,6.0,1430.0,824.0,4,0,1,0,2024-01-06 22:00:00
1,1,52.0,95.0,880.0,1488.0,2,0,1,0,2024-01-08 01:00:00
3,1,18.0,117.0,1332.0,826.0,4,0,1,0,2024-01-15 10:00:00
5,3,334.0,9.0,1343.0,895.0,1,0,1,0,2024-01-23 07:00:00
3,3,405.0,6.0,874.0,1104.0,3,0,1,0,2024-01-06 18:00:00
1,2,52.0,247.0,1132.0,1302.0,1,0,1,0,2024-01-09 20:00:00
5,2,334.0,9.0,596.0,970.0,3,0,1,0,2024-02-05 17:00:00
10,7,2537.0,825.0,3271.0,4245.0,6,1,1,1,2024-01-29 08:00:00
7,4,237.0,26.0,549.0,1496.0,4,0,1,0,2024-01-08 02:00:00
7,4,27.0,342.0,1082.0,511.0,4,0,1,0,2024-02-02 13:00:00
11,3,474.0,305.0,927.0,1396.0,4,0,1,0,2024-02-05 04:00:00
9,3,84.0,157.0,1049.0,650.0,2,1,1,0,2024-02-10 02:00:00
10,9,833.0,825.0,3715.0,4718.0,4,1,1,1,2024-01-07 12:00:00
10,5,2537.0,2120.0,4709.0,4591.0,6,1,1,1,2024-01-31 03:00:00
12,8,945.0,2987.0,3308.0,3233.0,3,1,1,1,2024-01-15 04:00:00
3,3,405.0,6.0,1259.0,1374.0,3,0,1,0,2024-02-06 13:00:00
7,3,237.0,342.0,515.0,513.0,2,0,1,0,2024-01-20 15:00:00
1,3,497.0,247.0,708.0,727.0,1,0,1,0,2024-01-07 10:00:00
4,4,44.0,421.0,1214.0,1067.0,2,0,1,0,2024-01-11 07:00:00
4,2,44.0,421.0,887.0,852.0,2,0,1,0,2024-01-16 04:00:00
5,4,334.0,9.0,1163.0,1111.0,1,1,1,0,2024-01-04 12:00:00
7,4,237.0,26.0,847.0,525.0,2,0,1,0,2024-01-13 16:00:00
7,3,27.0,342.0,891.0,617.0,3,0,1,0,2024-01-13 04:00:00
11,3,32.0,305.0,659.0,628.0,4,1,1,0,2024-01-03 16:00:00
4,1,44.0,86.0,759.0,690.0,1,1,1,0,2024-01-05 15:00:00
7,1,27.0,26.0,1106.0,960.0,4,0,1,0,2024-01-27 05:00:00
11,4,474.0,305.0,934.0,1253.0,3,0,1,0,2024-01-15 05:00:00
3,2,18.0,6.0,1275.0,1406.0,1,1,1,0,2024-01-30 15:00:00
6,3,258.0,375.0,1353.0,1336.0,4,0,1,0,2024-01-26 08:00:00
12,5,945.0,691.0,2673.0,2056.0,6,1,1,1,2024-01-22 08:00:00
2,9,1637.0,704.0,4373.0,2554.0,6,1,1,1,2024-01-08 23:00:00
10,8,833.0,825.0,3184.0,4023.0,9,1,1,1,2024-01-25 03:00:00
9,2,84.0,157.0,915.0,765.0,3,0,1,0,2024-01-20 00:00:00
5,1,334.0,210.0,1213.0,1004.0,2,0,1,0,2024-01-27 21:00:00
6,1,54.0,52.0,887.0,569.0,3,0,1,0,2024-01-30 19:00:00
12,7,2280.0,691.0,3166.0,2812.0,4,1,1,1,2024-01-22 18:00:00
12,7,2280.0,691.0,3248.0,4415.0,9,1,1,1,2024-02-07 06:00:00
12,8,2280.0,691.0,4241.0,3847.0,4,1,1,1,2024-01-06 14:00:00
12,7,945.0,691.0,2282.0,4262.0,5,1,1,1,2024-02-09 21:00:00
4,1,44.0,86.0,1369.0,515.0,3,0,1,0,2024-01-24 15:00:00
11,2,32.0,8.0,1225.0,748.0,4,0,1,0,2024-02-04 12:00:00
10,9,2537.0,825.0,4944.0,2644.0,4,1,1,1,2024-02-11 09:00:00
7,2,27.0,342.0,1058.0,665.0,1,0,1,0,2024-01-07 23:00:00
12,5,945.0,691.0,3538.0,3342.0,4,1,1,1,2024-01-09 23:00:00
9,2,84.0,157.0,634.0,515.0,3,0,1,0,2024-01-26 02:00:00
7,1,237.0,26.0,944.0,979.0,1,1,1,0,2024-02-05 16:00:00
1,3,497.0,95.0,951.0,522.0,2,0,1,0,2024-02-08 09:00:00
1,2,497.0,247.0,1459.0,1320.0,1,0,1,0,2024-02-09 12:00:00
9,1,84.0,157.0,932.0,1325.0,1,0,1,0,2024-02-07 00:00:00
11,2,474.0,305.0,1050.0,1288.0,3,0,1,0,2024-01-08 12:00:00
9,2,227.0,96.0,1034.0,784.0,2,0,1,0,2024-01-30 18:00:00
4,1,497.0,86.0,1137.0,1338.0,1,0,1,0,2024-01-28 19:00:00
9,3,84.0,157.0,1249.0,1043.0,2,0,1,0,2024-02-06 15:00:00
3,3,18.0,6.0,726.0,874.0,2,1,1,0,2024-01-28 08:00:00
7,4,237.0,342.0,1029.0,1126.0,2,0,1,0,2024-02-10 17:00:00
6,1,258.0,52.0,1326.0,513.0,4,1,1,0,2024-01-16 05:00:00
8,4,236.0,432.0,964.0,643.0,4,0,1,0,2024-01-06 08:00:00
11,4,474.0,8.0,779.0,1243.0,4,0,1,0,2024-01-27 20:00:00
9,4,227.0,96.0,1155.0,745.0,4,0,1,0,2024-02-09 02:00:00
5,3,73.0,210.0,1324.0,1099.0,3,0,1,0,2024-01-08 08:00:00
1,1,497.0,247.0,564.0,886.0,1,0,1,0,2024-01-06 06:00:00
3,4,18.0,6.0,1277.0,1355.0,4,0,1,0,2024-02-08 04:00:00
10,7,833.0,825.0,4278.0,3914.0,3,1,1,1,2024-01-28 23:00:00
12,5,945.0,2987.0,3693.0,2930.0,3,1,1,1,2024-02-01 23:00:00
8,3,67.0,432.0,1484.0,771.0,4,0,1,0,2024-01-25 20:00:00
11,4,32.0,8.0,1287.0,695.0,1,0,1,0,2024-01-06 19:00:00
6,4,258.0,375.0,1274.0,975.0,4,0,1,0,2024-02-01 08:00:00
8,1,236.0,432.0,1248.0,508.0,3,0,1,0,2024-01-05 02:00:00
9,2,84.0,96.0,651.0,526.0,2,0,1,0,2024-01-30 04:00:00
4,3,497.0,421.0,718.0,1054.0,2,1,1,0,2024-01-19 16:00:00
1,3,497.0,95.0,964.0,1021.0,1,0,1,0,2024-01-20 22:00:00
1,3,52.0,247.0,765.0,1495.0,3,0,1,0,2024-01-22 07:00:00
10,8,833.0,825.0,3535.0,3519.0,4,1,1,1,2024-01-05 21:00:00
4,4,497.0,421.0,1389.0,759.0,4,0,1,0,2024-02-03 19:00:00
12,7,945.0,2987.0,3483.0,3449.0,4,1,1,1,2024-01-11 19:00:00
7,2,237.0,342.0,1131.0,1418.0,1,1,1,0,2024-01-26 03:00:00
2,9,1637.0,2906.0,4410.0,3024.0,7,1,1,1,2024-01-10 06:00:00
3,3,18.0,117.0,1284.0,1323.0,3,0,1,0,2024-01-26 10:00:00
1,1,52.0,247.0,929.0,1403.0,1,0,1,0,2024-01-17 22:00:00
5,4,73.0,9.0,702.0,1025.0,2,0,1,0,2024-01-22 22:00:00
1,3,52.0,247.0,1015.0,952.0,2,0,1,0,2024-01-31 16:00:00
8,2,67.0,432.0,1237.0,831.0,2,0,1,0,2024-01-13 10:00:00
1,2,52.0,247.0,937.0,1090.0,2,0,1,0,2024-01-12 05:00:00
11,4,32.0,305.0,1167.0,955.0,3,0,1,0,2024-01-17 20:00:00
1,2,497.0,95.0,595.0,952.0,4,1,1,0,2024-01-29 21:00:00
2,7,1637.0,2906.0,4149.0,3631.0,3,1,1,1,2024-02-05 12:00:00
2,5,969.0,2906.0,2613.0,4136.0,6,1,1,1,2024-01-02 00:00:00
12,7,945.0,691.0,4196.0,2970.0,4,1,1,1,2024-01-26 18:00:00
6,3,258.0,375.0,1468.0,1257.0,4,0,1,0,2024-01-12 03:00:00
7,2,27.0,342.0,1327.0,1181.0,1,1,1,0,2024-02-08 13:00:00
5,2,334.0,210.0,1404.0,667.0,4,0,1,0,2024-01-08 19:00:00
1,3,497.0,247.0,1434.0,560.0,1,0,1,0,2024-01-07 15:00:00
1,4,52.0,247.0,1302.0,1191.0,3,1,1,0,2024-02-09 08:00:00
3,2,18.0,117.0,1175.0,1229.0,2,0,1,0,2024-01-18 16:00:00
2,8,969.0,704.0,2742.0,2633.0,5,1,1,1,2024-01-04 20:00:00
5,4,73.0,210.0,966.0,1429.0,2,0,1,0,2024-01-27 18:00:00
12,9,945.0,2987.0,3152.0,4517.0,7,1,1,1,2024-01-28 14:00:00
10,7,2537.0,2120.0,3933.0,4152.0,7,1,1,1,2024-01-09 04:00:00
6,1,54.0,375.0,819.0,1173.0,1,1,1,0,2024-01-20 12:00:00
7,1,27.0,342.0,1462.0,670.0,1,1,1,0,2024-01-24 12:00:00
4,3,44.0,86.0,1392.0,556.0,1,1,1,0,2024-01-25 10:00:00
7,4,237.0,26.0,1350.0,832.0,2,0,1,0,2024-02-08 17:00:00
11,4,474.0,305.0,907.0,1266.0,1,0,1,0,2024-01-10 01:00:00
8,3,236.0,432.0,514.0,914.0,2,0,1,0,2024-01-01 06:00:00
11,4,32.0,305.0,581.0,1153.0,3,1,1,0,2024-01-11 06:00:00
1,4,497.0,247.0,813.0,1080.0,4,0,1,0,2024-02-08 01:00:00
6,4,54.0,375.0,516.0,523.0,1,0,1,0,2024-02-03 23:00:00
8,4,67.0,432.0,518.0,1489.0,4,0,1,0,2024-01-28 06:00:00
5,4,334.0,9.0,1417.0,542.0,2,0,1,0,2024-01-04 11:00:00
4,1,497.0,86.0,1207.0,1468.0,3,0,1,0,2024-01-04 15:00:00
2,5,969.0,2906.0,4989.0,4018.0,8,1,1,1,2024-02-07 20:00:00
6,1,54.0,375.0,633.0,1464.0,3,1,1,0,2024-01-24 19:00:00
6,4,258.0,375.0,1012.0,615.0,4,0,1,0,2024-01-15 21:00:00
11,3,474.0,8.0,506.0,991.0,2,0,1,0,2024-01-10 19:00:00
1,2,52.0,247.0,1439.0,670.0,1,1,1,0,2024-01-14 05:00:00
9,1,84.0,157.0,915.0,551.0,1,0,1,0,2024-01-02 16:00:00
12,6,2280.0,691.0,4835.0,2894.0,9,1,1,1,2024-01-05 03:00:00
11,3,474.0,305.0,891.0,708.0,4,0,1,0,2024-02-01 11:00:00
6,2,54.0,52.0,570.0,1088.0,1,0,1,0,2024-01-08 00:00:00
3,1,405.0,117.0,1139.0,613.0,2,0,1,0,2024-01-11 23:00:00
4,2,497.0,421.0,1234.0,832.0,1,0,1,0,2024-01-13 00:00:00
12,8,2280.0,691.0,3446.0,3980.0,9,1,1,1,2024-01-27 10:00:00
11,1,32.0,305.0,639.0,938.0,1,0,1,0,2024-01-21 21:00:00
4,2,44.0,86.0,1079.0,1128.0,4,1,1,0,2024-01-10 13:00:00
3,4,18.0,6.0,1070.0,1148.0,2,1,1,0,2024-02-10 12:00:00
10,8,2537.0,2120.0,2307.0,4499.0,7,1,1,1,2024-02-11 11:00:00
3,2,18.0,6.0,880.0,825.0,2,0,1,0,2024-01-08 15:00:00
3,3,18.0,6.0,872.0,1188.0,3,0,1,0,2024-02-06 17:00:00
4,3,44.0,421.0,1119.0,1462.0,2,0,1,0,2024-01-10 22:00:00
7,1,27.0,342.0,1134.0,1231.0,1,1,1,0,2024-01-01 01:00:00
4,2,44.0,421.0,970.0,990.0,1,0,1,0,2024-01-30 23:00:00
9,1,227.0,96.0,944.0,1131.0,3,0,1,0,2024-02-08 03:00:00
1,1,52.0,247.0,995.0,1240.0,2,0,1,0,2024-01-01 17:00:00
8,2,67.0,44.0,1362.0,1113.0,3,0,1,0,2024-01-17 05:00:00
7,2,27.0,26.0,962.0,517.0,1,0,1,0,2024-02-07 01:00:00
2,9,1637.0,2906.0,2311.0,4113.0,9,1,1,1,2024-01-15 20:00:00
8,2,67.0,432.0,1005.0,1311.0,3,1,1,0,2024-01-21 05:00:00
1,3,497.0,247.0,1450.0,773.0,4,0,1,0,2024-01-30 03:00:00
11,1,474.0,305.0,1333.0,1232.0,4,1,1,0,2024-01-14 13:00:00
12,5,945.0,2987.0,3714.0,2411.0,3,1,1,1,2024-02-05 18:00:00
9,3,227.0,157.0,1364.0,1022.0,3,0,1,0,2024-02-02 01:00:00
9,2,227.0,96.0,611.0,568.0,4,0,1,0,2024-01-18 23:00:00
2,7,969.0,704.0,2542.0,3676.0,7,1,1,1,2024-01-20 03:00:00
7,3,237.0,26.0,1132.0,1458.0,2,0,1,0,2024-01-21 03:00:00
10,7,833.0,825.0,4534.0,4229.0,5,1,1,1,2024-02-02 03:00:00
3,3,18.0,6.0,1145.0,1153.0,1,0,1,0,2024-01-07 03:00:00
7,1,27.0,26.0,1475.0,960.0,4,0,1,0,2024-01-22 05:00:00
12,8,2280.0,2987.0,4477.0,4061.0,8,1,1,1,2024-01-08 21:00:00
10,9,833.0,825.0,3748.0,4540.0,6,1,1,1,2024-01-05 01:00:00
9,1,84.0,157.0,1248.0,1069.0,1,0,1,0,2024-01-01 22:00:00
4,1,44.0,421.0,1311.0,560.0,2,0,1,0,2024-01-23 02:00:00
12,9,945.0,691.0,2826.0,4740.0,4,1,1,1,2024-02-10 18:00:00
1,4,497.0,247.0,705.0,1269.0,2,0,1,0,2024-01-03 00:00:00
2,6,1637.0,704.0,2391.0,4711.0,8,1,1,1,2024-01-23 12:00:00
1,1,497.0,247.0,1080.0,512.0,1,0,1,0,2024-01-04 01:00:00
12,5,945.0,691.0,2226.0,3826.0,4,1,1,1,2024-01-08 22:00:00
5,1,334.0,210.0,1449.0,1072.0,4,0,1,0,2024-01-22 10:00:00
5,3,73.0,210.0,561.0,935.0,1,1,1,0,2024-01-08 11:00:00
11,3,474.0,8.0,1186.0,628.0,1,0,1,0,2024-01-27 14:00:00
7,4,27.0,26.0,525.0,910.0,1,0,1,0,2024-01-06 03:00:00
9,1,84.0,157.0,672.0,855.0,3,1,1,0,2024-01-28 05:00:00
9,2,227.0,96.0,954.0,803.0,2,0,1,0,2024-01-17 17:00:00
3,3,18.0,6.0,955.0,1231.0,1,1,1,0,2024-02-04 19:00:00
3,2,18.0,6.0,1186.0,1201.0,3,0,1,0,2024-01-09 15:00:00
3,2,18.0,117.0,1411.0,1090.0,1,0,1,0,2024-01-21 15:00:00
4,3,44.0,421.0,1140.0,1439.0,4,0,1,0,2024-01-12 09:00:00
8,2,236.0,432.0,1454.0,850.0,3,1,1,0,2024-01-27 13:00:00
6,3,54.0,52.0,1382.0,744.0,1,0,1,0,2024-02-08 02:00:00
8,2,67.0,44.0,1085.0,1156.0,3,0,1,0,2024-01-25 09:00:00
1,3,497.0,95.0,1334.0,699.0,1,1,1,0,2024-01-29 12:00:00
8,1,67.0,432.0,1143.0,816.0,2,0,1,0,2024-01-04 22:00:00
4,4,497.0,421.0,579.0,725.0,1,0,1,0,2024-01-12 06:00:00
11,3,32.0,8.0,1241.0,570.0,3,0,1,0,2024-01-01 23:00:00
1,3,497.0,95.0,595.0,1328.0,4,0,1,0,2024-02-06 00:00:00
8,4,67.0,432.0,1095.0,755.0,4,0,1,0,2024-01-17 03:00:00
4,3,497.0,421.0,1203.0,974.0,4,0,1,0,2024-01-10 08:00:00
6,3,258.0,52.0,567.0,544.0,1,0,1,0,2024-01-06 10:00:00
8,2,236.0,44.0,731.0,1200.0,2,0,1,0,2024-01-11 22:00:00
4,4,44.0,86.0,1416.0,831.0,1,1,1,0,2024-01-12 18:00:00
3,1,18.0,6.0,1117.0,1245.0,4,1,1,0,2024-01-20 21:00:00
9,3,84.0,157.0,747.0,913.0,3,0,1,0,2024-01-29 01:00:00
3,4,405.0,117.0,1191.0,696.0,4,1,1,0,2024-02-01 12:00:00
9,2,227.0,157.0,1097.0,1014.0,3,0,1,0,2024-01-11 02:00:00
2,5,969.0,2906.0,2983.0,2333.0,5,1,1,1,2024-01-31 15:00:00
2,9,1637.0,2906.0,2631.0,2532.0,5,1,1,1,2024-02-09 00:00:00
2,8,969.0,704.0,3494.0,3286.0,6,1,1,1,2024-02-04 16:00:00
6,1,258.0,375.0,876.0,1412.0,1,0,1,0,2024-01-15 06:00:00
3,1,405.0,6.0,1301.0,561.0,1,1,1,0,2024-01-30 07:00:00
9,3,84.0,157.0,1385.0,1195.0,3,0,1,0,2024-02-03 06:00:00
4,3,497.0,86.0,626.0,683.0,1,1,1,0,2024-01-13 14:00:00
1,2,497.0,95.0,701.0,820.0,1,0,1,0,2024-01-27 02:00:00
4,2,497.0,86.0,717.0,916.0,1,0,1,0,2024-01-01 19:00:00
1,4,497.0,95.0,1192.0,1409.0,2,0,1,0,2024-01-26 13:00:00
5,2,73.0,9.0,1104.0,743.0,3,0,1,0,2024-01-09 21:00:00
4,1,497.0,421.0,1119.0,592.0,3,0,1,0,2024-01-28 20:00:00
8,1,67.0,44.0,1441.0,819.0,4,0,1,0,2024-02-04 23:00:00
8,3,236.0,432.0,1276.0,605.0,3,0,1,0,2024-02-10 19:00:00
7,1,27.0,342.0,628.0,629.0,2,0,1,0,2024-01-09 14:00:00
3,4,405.0,117.0,848.0,1074.0,3,0,1,0,2024-02-05 15:00:00
1,1,52.0,247.0,936.0,561.0,2,0,1,0,2024-01-03 23:00:00
1,1,497.0,247.0,896.0,531.0,2,1,1,0,2024-01-19 07:00:00
12,9,2280.0,2987.0,4124.0,3680.0,6,1,1,1,2024-01-13 20:00:00
11,2,474.0,305.0,1392.0,862.0,4,0,1,0,2024-01-28 17:00:00
3,2,18.0,6.0,807.0,626.0,1,1,1,0,2024-01-11 11:00:00
6,4,54.0,52.0,1052.0,754.0,1,0,1,0,2024-01-07 01:00:00
7,3,237.0,26.0,1290.0,1143.0,3,0,1,0,2024-01-24 17:00:00
6,1,258.0,375.0,917.0,776.0,3,1,1,0,2024-01-24 08:00:00
6,4,54.0,52.0,669.0,995.0,2,0,1,0,2024-02-07 13:00:00
6,1,258.0,375.0,975.0,622.0,3,0,1,0,2024-02-07 04:00:00
3,3,18.0,117.0,556.0,1089.0,2,0,1,0,2024-01-25 13:00:00
6,1,258.0,52.0,1443.0,817.0,4,1,1,0,2024-02-02 14:00:00
8,4,236.0,44.0,575.0,1127.0,3,1,1,0,2024-01-30 02:00:00
11,1,474.0,8.0,939.0,1309.0,1,0,1,0,2024-02-06 18:00:00
11,2,474.0,305.0,1030.0,1112.0,1,0,1,0,2024-01-10 12:00:00
2,7,969.0,2906.0,3429.0,2381.0,5,1,1,1,2024-01-13 22:00:00
5,3,334.0,9.0,667.0,756.0,2,0,1,0,2024-01-06 12:00:00
1,3,52.0,95.0,615.0,828.0,1,0,1,0,2024-01-22 14:00:00
12,9,945.0,2987.0,3450.0,4884.0,9,1,1,1,2024-01-25 04:00:00
1,3,52.0,95.0,656.0,682.0,3,1,1,0,2024-01-29 19:00:00
5,2,334.0,9.0,708.0,1291.0,3,1,1,0,2024-01-23 08:00:00
12,7,2280.0,691.0,4690.0,3883.0,4,1,1,1,2024-01-01 03:00:00
3,2,18.0,117.0,720.0,936.0,3,0,1,0,2024-01-27 16:00:00
4,1,497.0,86.0,521.0,1095.0,4,0,1,0,2024-01-16 23:00:00
3,1,405.0,6.0,1327.0,1090.0,4,0,1,0,2024-01-23 06:00:00
1,1,497.0,95.0,866.0,568.0,1,0,1,0,2024-01-09 07:00:00
1,1,52.0,247.0,854.0,1332.0,4,1,1,0,2024-02-07 05:00:00
12,8,945.0,691.0,4949.0,2779.0,9,1,1,1,2024-01-08 18:00:00
12,8,945.0,691.0,3198.0,2878.0,4,1,1,1,2024-01-02 18:00:00
5,4,334.0,9.0,671.0,1273.0,1,0,1,0,2024-01-31 12:00:00
6,3,54.0,375.0,1399.0,1215.0,2,0,1,0,2024-01-15 14:00:00
3,2,18.0,6.0,1277.0,1079.0,4,0,1,0,2024-01-15 09:00:00
12,7,2280.0,2987.0,3247.0,4116.0,7,1,1,1,2024-02-07 17:00:00
9,2,84.0,157.0,1487.0,861.0,4,0,1,0,2024-01-03 18:00:00
5,3,334.0,9.0,772.0,1105.0,1,1,1,0,2024-01-30 05:00:00
8,3,236.0,432.0,599.0,888.0,1,0,1,0,2024-01-25 17:00:00
1,2,497.0,247.0,1330.0,1364.0,4,0,1,0,2024-01-27 12:00:00
5,2,334.0,9.0,1207.0,809.0,3,0,1,0,2024-01-19 05:00:00
3,2,18.0,117.0,1118.0,794.0,4,0,1,0,2024-01-13 05:00:00
12,8,945.0,691.0,3224.0,4207.0,3,1,1,1,2024-02-01 09:00:00
1,1,52.0,95.0,979.0,833.0,1,0,1,0,2024-01-10 20:00:00
4,2,44.0,421.0,1281.0,1058.0,2,0,1,0,2024-01-12 21:00:00
5,2,334.0,9.0,804.0,1208.0,2,0,1,0,2024-01-09 19:00:00
7,2,237.0,342.0,812.0,1163.0,1,0,1,0,2024-01-05 00:00:00
1,3,52.0,95.0,504.0,1308.0,3,0,1,0,2024-01-03 20:00:00
3,3,18.0,6.0,675.0,1386.0,4,1,1,0,2024-01-26 14:00:00
2,6,969.0,2906.0,4705.0,3699.0,3,1,1,1,2024-01-28 02:00:00
9,1,84.0,96.0,942.0,519.0,1,0,1,0,2024-01-10 03:00:00
10,9,833.0,825.0,4959.0,2192.0,8,1,1,1,2024-01-12 17:00:00
6,1,258.0,375.0,896.0,709.0,4,0,1,0,2024-01-24 11:00:00
10,5,2537.0,825.0,3910.0,2095.0,6,1,1,1,2024-01-31 05:00:00
3,3,405.0,6.0,782.0,1139.0,3,0,1,0,2024-01-11 17:00:00
8,3,67.0,432.0,864.0,820.0,3,1,1,0,2024-01-30 21:00:00
8,4,67.0,432.0,691.0,558.0,1,1,1,0,2024-02-06 11:00:00
2,5,969.0,2906.0,2105.0,3196.0,5,1,1,1,2024-01-10 02:00:00
6,2,258.0,375.0,1048.0,501.0,3,0,1,0,2024-02-01 21:00:00
7,3,27.0,342.0,1492.0,1404.0,4,0,1,0,2024-01-25 16:00:00
2,8,1637.0,2906.0,2960.0,2854.0,6,1,1,1,2024-01-25 05:00:00
11,2,474.0,8.0,700.0,710.0,1,0,1,0,2024-01-11 10:00:00
10,8,833.0,2120.0,4503.0,2776.0,9,1,1,1,2024-02-03 11:00:00
2,6,969.0,704.0,3790.0,2510.0,8,1,1,1,2024-02-09 13:00:00
10,5,2537.0,2120.0,4400.0,4702.0,4,1,1,1,2024-01-14 15:00:00
1,3,52.0,95.0,1266.0,541.0,4,0,1,0,2024-01-01 07:00:00
8,4,236.0,44.0,1441.0,1013.0,1,0,1,0,2024-02-03 05:00:00
1,4,497.0,95.0,516.0,1181.0,3,0,1,0,2024-01-06 15:00:00
9,2,227.0,96.0,1023.0,1432.0,2,1,1,0,2024-01-17 09:00:00
11,3,32.0,305.0,971.0,1121.0,3,0,1,0,2024-01-22 16:00:00
6,1,258.0,375.0,1157.0,1304.0,3,0,1,0,2024-01-05 13:00:00
7,4,237.0,342.0,1060.0,584.0,1,0,1,0,2024-02-07 11:00:00
10,6,833.0,825.0,3037.0,4471.0,8,1,1,1,2024-01-20 20:00:00
7,1,237.0,342.0,1159.0,874.0,4,0,1,0,2024-01-02 13:00:00
10,9,833.0,825.0,2779.0,4049.0,8,1,1,1,2024-01-24 14:00:00
3,3,405.0,6.0,1300.0,652.0,1,0,1,0,2024-01-28 21:00:00
2,9,969.0,2906.0,3815.0,3007.0,5,1,1,1,2024-01-05 23:00:00
9,3,84.0,96.0,1199.0,829.0,1,0,1,0,2024-02-04 10:00:00
8,3,67.0,432.0,917.0,555.0,1,0,1,0,2024-01-20 18:00:00
12,7,945.0,2987.0,2974.0,2911.0,9,1,1,1,2024-02-01 07:00:00
10,8,833.0,825.0,3292.0,4103.0,6,1,1,1,2024-01-13 13:00:00
7,4,237.0,26.0,1390.0,929.0,3,0,1,0,2024-01-06 11:00:00
9,2,227.0,157.0,1318.0,1133.0,3,0,1,0,2024-01-01 21:00:00
4,1,497.0,421.0,1011.0,1227.0,4,0,1,0,2024-01-21 10:00:00
4,3,497.0,421.0,1237.0,867.0,2,0,1,0,2024-02-07 07:00:00
1,1,52.0,95.0,1013.0,648.0,3,1,1,0,2024-01-02 23:00:00
8,3,67.0,432.0,1370.0,707.0,4,1,1,0,2024-02-04 08:00:00
12,5,945.0,691.0,4346.0,3037.0,5,1,1,1,2024-02-08 00:00:00
3,1,18.0,117.0,1471.0,1137.0,2,0,1,0,2024-02-05 20:00:00
7,4,27.0,342.0,1433.0,899.0,4,1,1,0,2024-01-23 04:00:00
12,9,2280.0,2987.0,4277.0,4974.0,3,1,1,1,2024-01-26 00:00:00
2,9,969.0,704.0,3441.0,3824.0,7,1,1,1,2024-02-03 04:00:00
2,8,1637.0,2906.0,4447.0,3728.0,9,1,1,1,2024-01-07 14:00:00
7,3,237.0,26.0,1355.0,1313.0,4,0,1,0,2024-01-26 12:00:00
6,4,54.0,52.0,666.0,1326.0,2,0,1,0,2024-01-06 02:00:00
3,4,405.0,6.0,1355.0,1296.0,3,0,1,0,2024-02-08 19:00:00
9,2,227.0,96.0,991.0,824.0,3,0,1,0,2024-01-19 10:00:00
10,5,833.0,825.0,3402.0,4181.0,8,1,1,1,2024-01-26 20:00:00
6,4,258.0,52.0,1404.0,644.0,1,0,1,0,2024-01-29 16:00:00
10,5,2537.0,825.0,2721.0,4828.0,8,1,1,1,2024-02-08 08:00:00
10,6,2537.0,2120.0,4684.0,4497.0,7,1,1,1,2024-01-15 15:00:00
6,4,258.0,375.0,1059.0,526.0,4,0,1,0,2024-01-08 14:00:00
1,4,52.0,247.0,872.0,1288.0,2,0,1,0,2024-02-08 15:00:00
4,4,497.0,421.0,1286.0,1404.0,3,0,1,0,2024-01-15 23:00:00
10,5,833.0,2120.0,3628.0,3871.0,3,1,1,1,2024-01-08 20:00:00
6,2,54.0,375.0,1439.0,1313.0,2,0,1,0,2024-01-14 00:00:00
6,1,54.0,375.0,1394.0,583.0,3,1,1,0,2024-02-06 05:00:00
11,2,32.0,8.0,838.0,1100.0,4,0,1,0,2024-02-05 23:00:00
12,9,945.0,2987.0,3436.0,2306.0,6,1,1,1,2024-01-17 23:00:00
5,3,73.0,210.0,1074.0,1046.0,4,0,1,0,2024-02-06 09:00:00
1,4,52.0,95.0,838.0,1427.0,2,0,1,0,2024-01-24 06:00:00
8,2,236.0,44.0,1489.0,1372.0,3,0,1,0,2024-02-11 13:00:00
5,3,334.0,9.0,526.0,1286.0,3,0,1,0,2024-02-09 09:00:00
12,8,945.0,2987.0,2134.0,3214.0,3,1,1,1,2024-01-16 06:00:00
12,6,945.0,2987.0,2929.0,2188.0,4,1,1,1,2024-01-02 17:00:00
12,9,2280.0,691.0,2877.0,4464.0,6,1,1,1,2024-01-07 00:00:00
5,3,334.0,210.0,1089.0,1354.0,2,1,1,0,2024-01-15 13:00:00
7,1,27.0,342.0,1252.0,829.0,4,0,1,0,2024-01-18 10:00:00
4,3,44.0,86.0,1124.0,554.0,3,0,1,0,2024-02-11 07:00:00
6,4,258.0,52.0,1101.0,1170.0,3,0,1,0,2024-01-26 22:00:00
4,1,497.0,86.0,554.0,732.0,3,0,1,0,2024-02-04 18:00:00
3,3,18.0,117.0,877.0,744.0,2,0,1,0,2024-02-03 12:00:00
7,4,27.0,342.0,733.0,807.0,1,0,1,0,2024-01-11 15:00:00
8,1,236.0,432.0,766.0,564.0,2,1,1,0,2024-02-08 12:00:00
4,4,44.0,86.0,1055.0,678.0,4,0,1,0,2024-01-25 00:00:00
2,9,969.0,704.0,2189.0,2491.0,7,1,1,1,2024-02-11 04:00:00
12,7,2280.0,2987.0,4434.0,2278.0,3,1,1,1,2024-02-11 03:00:00
10,7,833.0,825.0,4936.0,3998.0,4,1,1,1,2024-01-08 07:00:00
3,3,18.0,117.0,1449.0,1183.0,4,0,1,0,2024-01-16 13:00:00
1,1,497.0,247.0,1445.0,736.0,4,0,1,0,2024-01-31 17:00:00
8,4,67.0,432.0,1110.0,1444.0,1,1,1,0,2024-01-17 16:00:00
3,3,405.0,6.0,1425.0,1372.0,4,0,1,0,2024-01-20 11:00:00
12,6,2280.0,2987.0,2263.0,4023.0,6,1,1,1,2024-02-02 12:00:00
10,9,833.0,2120.0,4431.0,2642.0,6,1,1,1,2024-02-06 03:00:00
7,2,237.0,26.0,507.0,1304.0,3,0,1,0,2024-01-18 14:00:00
10,5,2537.0,2120.0,3668.0,3972.0,7,1,1,1,2024-02-02 08:00:00
5,3,73.0,210.0,1203.0,1098.0,2,0,1,0,2024-01-29 13:00:00
10,5,833.0,2120.0,4842.0,3275.0,9,1,1,1,2024-02-05 22:00:00
5,4,334.0,9.0,1261.0,1147.0,3,0,1,0,2024-01-01 18:00:00
7,4,27.0,342.0,1013.0,1125.0,4,0,1,0,2024-01-25 06:00:00
9,1,84.0,157.0,1205.0,1139.0,4,1,1,0,2024-02-02 09:00:00
12,6,2280.0,2987.0,4418.0,2170.0,5,1,1,1,2024-01-12 22:00:00
5,2,334.0,210.0,876.0,1360.0,2,0,1,0,2024-02-07 12:00:00
1,4,52.0,95.0,1209.0,1460.0,3,0,1,0,2024-01-24 21:00:00
10,6,2537.0,825.0,3515.0,2459.0,9,1,1,1,2024-01-07 17:00:00
10,7,2537.0,2120.0,4662.0,4420.0,5,1,1,1,2024-02-09 11:00:00
1,2,497.0,95.0,1263.0,695.0,4,0,1,0,2024-02-04 14:00:00
2,7,969.0,2906.0,4447.0,2375.0,7,1,1,1,2024-02-07 02:00:00
6,4,258.0,375.0,1147.0,1177.0,1,0,1,0,2024-02-02 07:00:00
9,3,227.0,157.0,727.0,1137.0,3,1,1,0,2024-01-29 07:00:00
8,4,236.0,432.0,1171.0,902.0,1,0,1,0,2024-01-31 02:00:00
5,2,73.0,210.0,969.0,1078.0,3,0,1,0,2024-01-10 14:00:00
1,2,52.0,247.0,1274.0,808.0,4,1,1,0,2024-01-24 05:00:00
7,4,237.0,342.0,624.0,978.0,2,0,1,0,2024-01-22 19:00:00
5,4,334.0,210.0,1127.0,1294.0,1,0,1,0,2024-02-01 14:00:00
6,1,258.0,375.0,779.0,1482.0,4,1,1,0,2024-01-18 18:00:00
7,2,237.0,342.0,1353.0,1433.0,2,0,1,0,2024-01-22 11:00:00
3,2,405.0,117.0,1429.0,1434.0,2,0,1,0,2024-02-03 16:00:00
12,9,2280.0,691.0,4008.0,4019.0,3,1,1,1,2024-01-05 17:00:00
10,5,2537.0,2120.0,3075.0,3531.0,8,1,1,1,2024-02-03 22:00:00
3,2,405.0,6.0,1254.0,1206.0,4,0,1,0,2024-01-18 21:00:00
5,3,73.0,9.0,716.0,1423.0,3,0,1,0,2024-01-14 04:00:00
6,4,54.0,52.0,837.0,642.0,2,0,1,0,2024-01-19 17:00:00
9,4,227.0,157.0,966.0,805.0,2,0,1,0,2024-01-21 06:00:00
12,9,945.0,691.0,4198.0,4530.0,9,1,1,1,2024-01-30 16:00:00
5,2,334.0,210.0,1415.0,1113.0,3,0,1,0,2024-02-02 10:00:00
1,3,52.0,95.0,690.0,807.0,2,1,1,0,2024-02-10 05:00:00
4,1,44.0,421.0,1423.0,827.0,4,0,1,0,2024-01-18 03:00:00
5,2,73.0,210.0,1196.0,571.0,2,1,1,0,2024-01-02 03:00:00
12,9,2280.0,691.0,3297.0,3197.0,9,1,1,1,2024-01-27 06:00:00
10,9,2537.0,825.0,3136.0,4933.0,8,1,1,1,2024-01-23 03:00:00
10,9,833.0,2120.0,3255.0,2846.0,6,1,1,1,2024-02-10 13:00:00
5,1,73.0,9.0,1069.0,1196.0,2,0,1,0,2024-02-04 05:00:00
7,1,27.0,342.0,1152.0,1130.0,1,0,1,0,2024-02-03 13:00:00
4,3,44.0,86.0,711.0,1364.0,3,0,1,0,2024-01-25 11:00:00
1,1,52.0,247.0,1057.0,633.0,3,0,1,0,2024-01-19 00:00:00
5,2,73.0,210.0,1357.0,1478.0,4,0,1,0,2024-01-15 01:00:00
7,2,27.0,342.0,1336.0,1083.0,3,0,1,0,2024-01-21 12:00:00
10,5,833.0,825.0,3640.0,3443.0,3,1,1,1,2024-01-09 18:00:00
10,7,2537.0,2120.0,3661.0,3344.0,3,1,1,1,2024-01-13 19:00:00
6,4,258.0,375.0,819.0,722.0,3,0,1,0,2024-01-13 08:00:00
5,2,334.0,210.0,1250.0,557.0,2,0,1,0,2024-01-19 12:00:00
4,2,44.0,86.0,932.0,756.0,2,0,1,0,2024-02-05 19:00:00
2,8,969.0,704.0,3485.0,2081.0,8,1,1,1,2024-02-05 11:00:00
4,1,497.0,86.0,783.0,672.0,2,1,1,0,2024-01-27 08:00:00
10,9,833.0,825.0,3490.0,2363.0,6,1,1,1,2024-01-08 10:00:00
10,9,833.0,825.0,2919.0,3279.0,6,1,1,1,2024-02-06 02:00:00
3,1,405.0,6.0,833.0,534.0,3,0,1,0,2024-01-04 21:00:00
10,7,833.0,2120.0,4782.0,2863.0,7,1,1,1,2024-01-05 14:00:00
1,2,497.0,247.0,542.0,916.0,2,0,1,0,2024-01-24 10:00:00
8,2,67.0,432.0,1138.0,564.0,4,1,1,0,2024-01-17 01:00:00
5,4,334.0,210.0,1098.0,897.0,3,0,1,0,2024-02-06 12:00:00
4,1,44.0,421.0,1154.0,975.0,2,0,1,0,2024-01-03 19:00:00
8,2,236.0,432.0,693.0,952.0,2,1,1,0,2024-02-09 06:00:00
7,4,237.0,26.0,796.0,1370.0,2,0,1,0,2024-01-13 23:00:00
2,9,969.0,2906.0,2402.0,2038.0,4,1,1,1,2024-01-14 22:00:00
1,2,52.0,95.0,1100.0,968.0,2,0,1,0,2024-01-28 04:00:00
12,7,2280.0,691.0,4040.0,3567.0,8,1,1,1,2024-01-28 18:00:00
11,1,32.0,305.0,851.0,1318.0,3,0,1,0,2024-02-09 05:00:00
4,1,44.0,86.0,1413.0,1396.0,3,0,1,0,2024-02-06 21:00:00
8,1,67.0,432.0,840.0,1354.0,2,0,1,0,2024-01-10 23:00:00
12,6,945.0,691.0,3828.0,3205.0,4,1,1,1,2024-01-02 14:00:00
2,5,969.0,704.0,4658.0,4640.0,9,1,1,1,2024-01-25 08:00:00
3,4,18.0,117.0,1044.0,777.0,3,0,1,0,2024-01-20 16:00:00
12,8,2280.0,691.0,4307.0,2902.0,6,1,1,1,2024-01-02 05:00:00
1,1,52.0,95.0,936.0,1431.0,1,1,1,0,2024-01-20 06:00:00
1,2,52.0,247.0,1295.0,1161.0,4,0,1,0,2024-01-20 14:00:00
3,2,18.0,117.0,779.0,1247.0,1,0,1,0,2024-01-19 11:00:00
11,1,474.0,305.0,643.0,812.0,4,0,1,0,2024-01-07 06:00:00
5,3,73.0,210.0,814.0,1346.0,1,0,1,0,2024-01-06 07:00:00
12,7,945.0,2987.0,3341.0,4410.0,8,1,1,1,2024-01-23 16:00:00
3,3,405.0,117.0,589.0,502.0,1,0,1,0,2024-01-07 16:00:00
1,2,52.0,247.0,1492.0,877.0,4,0,1,0,2024-01-31 01:00:00
1,3,497.0,95.0,1042.0,1071.0,2,0,1,0,2024-01-30 10:00:00
8,4,67.0,44.0,1485.0,979.0,4,1,1,0,2024-01-15 17:00:00
10,7,2537.0,2120.0,3766.0,2481.0,9,1,1,1,2024-01-22 23:00:00
11,4,32.0,8.0,953.0,606.0,3,0,1,0,2024-02-02 02:00:00
12,5,2280.0,2987.0,3419.0,2817.0,8,1,1,1,2024-01-08 17:00:00
12,9,945.0,2987.0,3931.0,4169.0,7,1,1,1,2024-01-19 08:00:00
2,9,1637.0,2906.0,3948.0,2136.0,7,1,1,1,2024-01-11 12:00:00
3,3,405.0,117.0,1211.0,1323.0,2,0,1,0,2024-01-05 16:00:00
2,7,1637.0,2906.0,2491.0,4194.0,7,1,1,1,2024-01-09 12:00:00
3,1,18.0,117.0,842.0,1233.0,1,0,1,0,2024-02-10 10:00:00
7,1,237.0,342.0,949.0,1377.0,4,0,1,0,2024-01-16 09:00:00
1,2,52.0,247.0,1414.0,1223.0,2,0,1,0,2024-01-01 14:00:00
10,5,833.0,825.0,3224.0,2847.0,6,1,1,1,2024-01-24 13:00:00
8,4,236.0,432.0,506.0,1206.0,3,1,1,0,2024-01-05 11:00:00
10,8,833.0,825.0,3954.0,2700.0,9,1,1,1,2024-01-23 05:00:00
10,6,833.0,2120.0,4304.0,4203.0,5,1,1,1,2024-01-04 05:00:00
10,8,833.0,2120.0,4883.0,2093.0,9,1,1,1,2024-01-11 08:00:00
2,6,1637.0,704.0,2101.0,4616.0,4,1,1,1,2024-02-05 13:00:00
3,2,18.0,6.0,678.0,1212.0,2,0,1,0,2024-02-05 07:00:00
9,4,84.0,96.0,795.0,735.0,4,0,1,0,2024-01-30 22:00:00
7,2,237.0,342.0,615.0,1250.0,4,0,1,0,2024-01-28 12:00:00
4,3,44.0,421.0,1442.0,1418.0,3,0,1,0,2024-01-16 11:00:00
10,8,833.0,2120.0,3499.0,3853.0,7,1,1,1,2024-01-13 21:00:00
5,3,73.0,210.0,963.0,733.0,3,0,1,0,2024-01-24 16:00:00
2,6,969.0,704.0,2424.0,2295.0,8,1,1,1,2024-01-27 23:00:00
11,4,32.0,8.0,750.0,775.0,1,0,1,0,2024-01-08 16:00:00
8,3,67.0,432.0,1218.0,1125.0,1,0,1,0,2024-01-06 01:00:00
4,2,44.0,86.0,1357.0,582.0,4,0,1,0,2024-02-02 16:00:00
9,1,227.0,96.0,857.0,953.0,4,0,1,0,2024-02-04 15:00:00
5,1,334.0,9.0,1258.0,1240.0,2,1,1,0,2024-01-29 23:00:00
9,3,227.0,96.0,796.0,1187.0,3,0,1,0,2024-02-06 14:00:00
4,4,44.0,421.0,799.0,1316.0,3,0,1,0,2024-02-01 16:00:00
10,9,833.0,2120.0,2337.0,4282.0,8,1,1,1,2024-01-07 19:00:00
5,4,334.0,210.0,941.0,1274.0,4,0,1,0,2024-01-22 04:00:00
9,4,84.0,96.0,1230.0,1172.0,1,0,1,0,2024-02-09 18:00:00
8,1,67.0,44.0,1441.0,532.0,4,1,1,0,2024-01-16 00:00:00
3,3,18.0,117.0,1104.0,1035.0,1,0,1,0,2024-01-23 11:00:00
1,3,52.0,95.0,1364.0,538.0,4,1,1,0,2024-01-04 04:00:00
3,4,18.0,6.0,1323.0,1309.0,2,1,1,0,2024-01-04 07:00:00
4,3,497.0,86.0,674.0,821.0,2,0,1,0,2024-01-20 09:00:00
2,9,1637.0,704.0,3827.0,3309.0,9,1,1,1,2024-01-28 09:00:00
1,2,52.0,247.0,617.0,780.0,3,0,1,0,2024-01-18 02:00:00
7,3,237.0,26.0,1183.0,1283.0,2,0,1,0,2024-02-03 17:00:00
8,3,236.0,432.0,1450.0,1387.0,1,1,1,0,2024-01-17 11:00:00
7,4,27.0,342.0,638.0,899.0,4,0,1,0,2024-01-03 12:00:00
5,2,334.0,9.0,1234.0,1363.0,4,1,1,0,2024-01-13 15:00:00
12,6,945.0,691.0,2325.0,2619.0,6,1,1,1,2024-01-04 14:00:00
1,1,52.0,95.0,1084.0,1035.0,3,1,1,0,2024-01-24 07:00:00
7,4,27.0,26.0,891.0,1359.0,1,1,1,0,2024-01-30 08:00:00
7,1,27.0,342.0,856.0,826.0,1,0,1,0,2024-01-02 06:00:00
9,2,84.0,157.0,546.0,1455.0,2,0,1,0,2024-01-31 22:00:00
3,4,405.0,6.0,718.0,622.0,1,0,1,0,2024-01-29 17:00:00
9,3,84.0,96.0,516.0,519.0,1,1,1,0,2024-02-03 08:00:00
1,4,497.0,247.0,1082.0,1405.0,4,1,1,0,2024-01-14 12:00:00
1,3,52.0,247.0,606.0,569.0,2,0,1,0,2024-01-05 05:00:00
4,3,44.0,86.0,1374.0,1492.0,4,0,1,0,2024-01-02 09:00:00
9,4,227.0,96.0,1024.0,1452.0,4,0,1,0,2024-01-05 07:00:00
6,3,54.0,375.0,1200.0,638.0,3,1,1,0,2024-01-20 08:00:00
11,1,32.0,8.0,911.0,1038.0,3,0,1,0,2024-01-07 13:00:00
3,2,405.0,117.0,1061.0,685.0,2,1,1,0,2024-02-09 15:00:00
1,3,52.0,95.0,1443.0,929.0,2,0,1,0,2024-02-09 22:00:00
4,1,497.0,86.0,583.0,562.0,3,0,1,0,2024-01-20 02:00:00
12,7,2280.0,2987.0,3309.0,2750.0,8,1,1,1,2024-01-12 16:00:00
9,2,227.0,96.0,1280.0,864.0,3,0,1,0,2024-01-29 06:00:00
3,1,405.0,117.0,599.0,939.0,3,0,1,0,2024-01-20 04:00:00
12,5,2280.0,2987.0,4916.0,3010.0,7,1,1,1,2024-01-12 23:00:00
9,2,84.0,96.0,862.0,1308.0,4,0,1,0,2024-01-04 10:00:00
7,1,237.0,342.0,593.0,1238.0,2,0,1,0,2024-01-29 04:00:00
12,7,945.0,691.0,2113.0,3768.0,8,1,1,1,2024-02-04 21:00:00
4,1,497.0,421.0,727.0,1340.0,4,0,1,0,2024-01-31 13:00:00
3,4,18.0,117.0,1396.0,840.0,1,1,1,0,2024-02-06 07:00:00
10,7,833.0,825.0,3323.0,3443.0,8,1,1,1,2024-02-07 15:00:00
5,1,334.0,210.0,1200.0,1494.0,3,1,1,0,2024-02-01 06:00:00
5,1,334.0,9.0,1117.0,815.0,3,0,1,0,2024-01-23 20:00:00
3,1,18.0,117.0,1364.0,1175.0,1,0,1,0,2024-01-02 12:00:00
12,7,945.0,2987.0,2949.0,3364.0,4,1,1,1,2024-01-21 08:00:00
9,4,227.0,157.0,1374.0,1416.0,1,0,1,0,2024-01-28 10:00:00
4,2,44.0,86.0,1290.0,1218.0,1,0,1,0,2024-01-16 21:00:00
11,1,474.0,8.0,1249.0,784.0,1,0,1,0,2024-01-20 17:00:00
5,3,73.0,9.0,1062.0,827.0,4,0,1,0,2024-01-11 03:00:00
4,3,497.0,86.0,747.0,521.0,1,0,1,0,2024-02-06 19:00:00
5,3,334.0,9.0,924.0,1261.0,4,0,1,0,2024-01-19 23:00:00
7,2,27.0,26.0,1294.0,543.0,2,0,1,0,2024-02-07 08:00:00
9,1,84.0,96.0,532.0,1365.0,1,0,1,0,2024-02-09 14:00:00
7,4,27.0,342.0,1283.0,619.0,1,0,1,0,2024-01-18 13:00:00
5,4,73.0,210.0,741.0,672.0,4,0,1,0,2024-01-28 11:00:00
10,9,833.0,825.0,3437.0,4795.0,9,1,1,1,2024-01-02 22:00:00
10,6,833.0,825.0,4691.0,4124.0,8,1,1,1,2024-02-05 06:00:00
7,2,27.0,342.0,528.0,640.0,4,1,1,0,2024-01-31 10:00:00
10,5,833.0,2120.0,3185.0,4244.0,8,1,1,1,2024-01-29 05:00:00
5,4,334.0,210.0,719.0,983.0,3,0,1,0,2024-01-04 08:00:00
3,3,405.0,117.0,1490.0,713.0,3,0,1,0,2024-01-31 00:00:00
7,1,27.0,26.0,1075.0,616.0,4,0,1,0,2024-01-30 11:00:00
11,4,32.0,8.0,638.0,1337.0,1,0,1,0,2024-02-09 01:00:00
11,3,32.0,305.0,1189.0,1003.0,2,0,1,0,2024-02-03 14:00:00
2,6,969.0,704.0,2538.0,4887.0,7,1,1,1,2024-01-21 20:00:00
12,8,945.0,691.0,2943.0,4236.0,5,1,1,1,2024-01-28 07:00:00
9,1,84.0,96.0,577.0,1481.0,3,0,1,0,2024-01-08 05:00:00
10,6,2537.0,2120.0,4860.0,2591.0,4,1,1,1,2024-01-29 00:00:00
10,9,833.0,825.0,3456.0,4332.0,5,1,1,1,2024-01-03 02:00:00
12,8,945.0,2987.0,3901.0,2641.0,7,1,1,1,2024-02-02 15:00:00
1,3,497.0,247.0,552.0,1453.0,2,0,1,0,2024-01-02 07:00:00
6,1,54.0,52.0,1058.0,1255.0,4,0,1,0,2024-01-14 07:00:00
7,3,237.0,26.0,657.0,946.0,2,0,1,0,2024-02-05 08:00:00
8,4,67.0,432.0,1335.0,1093.0,3,0,1,0,2024-01-21 22:00:00
10,9,2537.0,825.0,4922.0,4497.0,7,1,1,1,2024-01-17 15:00:00
9,4,84.0,96.0,1413.0,695.0,3,0,1,0,2024-01-12 04:00:00
2,9,969.0,704.0,2678.0,4503.0,6,1,1,1,2024-01-26 11:00:00
11,3,474.0,305.0,683.0,1330.0,1,0,1,0,2024-01-12 13:00:00
10,9,833.0,825.0,2025.0,3084.0,7,1,1,1,2024-01-26 17:00:00
2,7,969.0,2906.0,2076.0,3470.0,8,1,1,1,2024-01-22 12:00:00
5,1,73.0,210.0,1262.0,1164.0,2,0,1,0,2024-01-12 19:00:00
5,1,73.0,210.0,1282.0,619.0,2,0,1,0,2024-01-31 11:00:00
6,3,258.0,375.0,776.0,902.0,1,0,1,0,2024-01-25 14:00:00
3,1,405.0,6.0,705.0,1294.0,3,0,1,0,2024-01-03 07:00:00
8,2,67.0,44.0,517.0,721.0,4,0,1,0,2024-01-01 15:00:00
1,4,52.0,247.0,1180.0,686.0,4,0,1,0,2024-02-02 19:00:00
6,2,258.0,375.0,577.0,1451.0,1,1,1,0,2024-01-19 09:00:00
4,4,497.0,421.0,921.0,710.0,2,0,1,0,2024-02-03 09:00:00
1,1,52.0,247.0,1102.0,761.0,2,0,1,0,2024-01-19 02:00:00
7,2,27.0,342.0,1438.0,1470.0,4,0,1,0,2024-01-05 19:00:00
9,1,227.0,157.0,812.0,1235.0,1,0,1,0,2024-01-17 18:00:00
4,4,497.0,421.0,750.0,1200.0,4,1,1,0,2024-02-01 17:00:00
4,3,44.0,421.0,1155.0,1353.0,3,1,1,0,2024-01-11 05:00:00
6,3,54.0,52.0,1120.0,616.0,3,1,1,0,2024-01-15 12:00:00
12,7,945.0,691.0,2318.0,2033.0,5,1,1,1,2024-01-26 07:00:00
3,1,405.0,6.0,1429.0,1004.0,1,0,1,0,2024-01-04 06:00:00
12,5,945.0,691.0,3886.0,4330.0,6,1,1,1,2024-02-09 17:00:00
6,2,258.0,375.0,724.0,1009.0,2,1,1,0,2024-01-04 17:00:00
7,3,27.0,26.0,740.0,1121.0,1,0,1,0,2024-02-10 08:00:00
11,4,474.0,8.0,1013.0,978.0,3,0,1,0,2024-01-28 16:00:00
10,9,2537.0,825.0,4697.0,2641.0,8,1,1,1,2024-02-07 03:00:00
10,8,2537.0,825.0,4794.0,3156.0,3,1,1,1,2024-02-03 07:00:00
3,3,18.0,6.0,1194.0,1129.0,2,0,1,0,2024-02-03 20:00:00
7,1,27.0,342.0,1149.0,1134.0,2,0,1,0,2024-01-05 09:00:00
3,3,405.0,117.0,732.0,951.0,2,1,1,0,2024-02-04 20:00:00
2,6,969.0,704.0,4169.0,4288.0,9,1,1,1,2024-01-23 10:00:00
12,6,945.0,691.0,2286.0,4465.0,4,1,1,1,2024-02-01 00:00:00
10,5,833.0,825.0,4884.0,4219.0,7,1,1,1,2024-02-05 09:00:00
4,2,44.0,421.0,820.0,1197.0,1,1,1,0,2024-01-21 23:00:00
12,6,2280.0,2987.0,2285.0,2179.0,7,1,1,1,2024-01-03 08:00:00
8,2,67.0,44.0,1400.0,1321.0,4,0,1,0,2024-01-24 02:00:00
9,3,227.0,96.0,1463.0,1062.0,1,0,1,0,2024-01-31 23:00:00
7,1,27.0,26.0,945.0,1172.0,1,0,1,0,2024-01-06 20:00:00
1,3,52.0,247.0,1251.0,1427.0,4,1,1,0,2024-01-10 17:00:00
3,1,18.0,117.0,1032.0,1120.0,1,0,1,0,2024-01-27 22:00:00
12,9,945.0,2987.0,4185.0,3833.0,6,1,1,1,2024-02-09 19:00:00
9,4,84.0,96.0,779.0,1189.0,4,0,1,0,2024-02-07 22:00:00
12,9,2280.0,691.0,2973.0,3135.0,8,1,1,1,2024-02-02 17:00:00
1,2,497.0,247.0,789.0,742.0,2,0,1,0,2024-01-20 05:00:00
9,3,84.0,96.0,1057.0,926.0,2,0,1,0,2024-01-27 01:00:00
8,3,236.0,44.0,530.0,1468.0,3,0,1,0,2024-02-06 20:00:00
1,1,52.0,247.0,1408.0,1158.0,1,0,1,0,2024-01-07 07:00:00
6,2,258.0,52.0,657.0,1065.0,3,0,1,0,2024-01-10 05:00:00
5,3,334.0,210.0,721.0,1433.0,2,0,1,0,2024-02-01 15:00:00
6,2,54.0,375.0,1019.0,1087.0,2,0,1,0,2024-01-14 08:00:00
10,8,2537.0,2120.0,2040.0,3253.0,5,1,1,1,2024-02-05 21:00:00
12,6,2280.0,691.0,4933.0,4382.0,9,1,1,1,2024-01-21 02:00:00
5,3,73.0,9.0,818.0,1213.0,1,0,1,0,2024-01-03 14:00:00
6,2,258.0,375.0,1469.0,694.0,2,0,1,0,2024-01-11 20:00:00
5,3,73.0,9.0,763.0,972.0,3,0,1,0,2024-01-01 00:00:00
11,2,474.0,305.0,814.0,973.0,3,0,1,0,2024-01-14 03:00:00
12,7,945.0,2987.0,2113.0,4624.0,3,1,1,1,2024-01-07 21:00:00
5,1,73.0,9.0,551.0,1018.0,2,0,1,0,2024-01-25 19:00:00
4,2,44.0,86.0,965.0,914.0,3,0,1,0,2024-01-23 13:00:00
3,3,405.0,6.0,880.0,700.0,2,1,1,0,2024-01-12 00:00:00
3,4,405.0,117.0,817.0,913.0,3,0,1,0,2024-02-10 11:00:00
4,3,44.0,86.0,786.0,573.0,4,1,1,0,2024-01-23 15:00:00
9,4,227.0,157.0,592.0,1076.0,4,0,1,0,2024-02-04 07:00:00
2,5,1637.0,704.0,4432.0,4501.0,7,1,1,1,2024-01-13 12:00:00
9,1,84.0,157.0,544.0,1226.0,3,0,1,0,2024-01-15 03:00:00
1,2,497.0,247.0,1281.0,861.0,1,0,1,0,2024-02-04 22:00:00
1,3,497.0,95.0,899.0,588.0,4,0,1,0,2024-01-12 08:00:00
5,1,73.0,210.0,944.0,703.0,2,0,1,0,2024-01-02 02:00:00
6,3,54.0,375.0,1394.0,1046.0,2,0,1,0,2024-02-05 14:00:00
6,4,258.0,375.0,1159.0,708.0,3,1,1,0,2024-01-18 11:00:00
3,2,405.0,117.0,509.0,1044.0,2,0,1,0,2024-01-05 08:00:00
7,3,237.0,342.0,1444.0,732.0,4,1,1,0,2024-02-04 04:00:00
9,3,227.0,96.0,738.0,1349.0,2,0,1,0,2024-01-15 11:00:00
11,4,474.0,305.0,608.0,898.0,2,0,1,0,2024-01-05 12:00:00
12,7,945.0,2987.0,3336.0,4554.0,6,1,1,1,2024-02-01 13:00:00
10,9,2537.0,825.0,2516.0,4210.0,6,1,1,1,2024-01-18 19:00:00
8,4,236.0,44.0,934.0,843.0,4,1,1,0,2024-01-09 16:00:00
6,1,54.0,375.0,750.0,612.0,3,0,1,0,2024-01-22 03:00:00
12,8,2280.0,691.0,2340.0,4332.0,5,1,1,1,2024-01-27 11:00:00
8,1,236.0,44.0,775.0,1082.0,3,0,1,0,2024-01-05 06:00:00
12,8,945.0,2987.0,3055.0,2808.0,4,1,1,1,2024-01-17 13:00:00
5,1,334.0,210.0,716.0,741.0,1,0,1,0,2024-02-09 20:00:00
8,1,236.0,44.0,1385.0,944.0,3,0,1,0,2024-01-09 17:00:00
10,7,2537.0,825.0,3962.0,2341.0,5,1,1,1,2024-01-18 06:00:00
12,9,945.0,2987.0,4995.0,4436.0,4,1,1,1,2024-02-04 13:00:00
4,4,44.0,421.0,1213.0,1377.0,4,0,1,0,2024-01-07 02:00:00
10,8,833.0,825.0,2077.0,4419.0,8,1,1,1,2024-01-27 07:00:00
8,2,236.0,44.0,825.0,802.0,3,0,1,0,2024-01-27 04:00:00
10,9,2537.0,825.0,2191.0,2760.0,8,1,1,1,2024-01-13 01:00:00
12,6,2280.0,2987.0,4667.0,3601.0,6,1,1,1,2024-01-05 10:00:00
2,9,1637.0,2906.0,4391.0,3045.0,7,1,1,1,2024-01-27 00:00:00
12,7,2280.0,691.0,2145.0,2159.0,8,1,1,1,2024-01-21 17:00:00
12,6,2280.0,691.0,3690.0,3371.0,3,1,1,1,2024-02-11 15:00:00
5,2,73.0,9.0,633.0,1003.0,4,1,1,0,2024-01-15 18:00:00
9,2,84.0,96.0,883.0,1084.0,3,0,1,0,2024-01-29 20:00:00
4,2,44.0,86.0,1120.0,1079.0,2,0,1,0,2024-01-06 13:00:00
11,3,474.0,8.0,955.0,555.0,3,0,1,0,2024-01-20 23:00:00
6,3,54.0,52.0,1281.0,815.0,1,0,1,0,2024-01-29 22:00:00
1,1,497.0,247.0,1498.0,1000.0,3,0,1,0,2024-01-22 15:00:00
9,1,84.0,157.0,692.0,717.0,2,0,1,0,2024-01-12 02:00:00
1,2,497.0,247.0,960.0,1373.0,1,0,1,0,2024-01-14 18:00:00
5,4,334.0,210.0,931.0,588.0,3,0,1,0,2024-01-17 14:00:00
4,4,44.0,421.0,805.0,988.0,4,0,1,0,2024-01-24 00:00:00
12,5,945.0,2987.0,3944.0,4827.0,5,1,1,1,2024-01-05 22:00:00
3,3,18.0,117.0,566.0,762.0,1,0,1,0,2024-01-28 03:00:00
6,3,258.0,375.0,1388.0,1125.0,3,0,1,0,2024-01-17 08:00:00
2,6,1637.0,704.0,2383.0,4677.0,4,1,1,1,2024-01-03 10:00:00
3,4,18.0,6.0,997.0,691.0,2,0,1,0,2024-01-09 08:00:00
5,1,73.0,210.0,1417.0,1418.0,4,0,1,0,2024-01-01 08:00:00
9,2,227.0,157.0,1277.0,1054.0,3,0,1,0,2024-01-12 07:00:00
2,7,969.0,704.0,4710.0,3412.0,9,1,1,1,2024-01-23 00:00:00
10,9,2537.0,825.0,2664.0,2747.0,4,1,1,1,2024-01-11 16:00:00
8,2,67.0,432.0,943.0,813.0,4,0,1,0,2024-02-10 09:00:00
2,7,1637.0,704.0,4017.0,3584.0,6,1,1,1,2024-02-02 20:00:00
11,4,474.0,305.0,1225.0,1297.0,2,0,1,0,2024-01-09 03:00:00
5,1,334.0,9.0,1191.0,1333.0,1,0,1,0,2024-02-08 14:00:00
7,4,237.0,26.0,841.0,1486.0,2,0,1,0,2024-01-24 03:00:00
8,4,67.0,432.0,1305.0,1292.0,3,0,1,0,2024-01-27 09:00:00
1,4,497.0,95.0,553.0,1102.0,3,1,1,0,2024-01-10 10:00:00
6,3,54.0,375.0,660.0,840.0,4,0,1,0,2024-01-27 17:00:00
1,1,497.0,247.0,836.0,1045.0,2,0,1,0,2024-01-11 01:00:00
2,5,1637.0,2906.0,4693.0,5000.0,8,1,1,1,2024-01-07 20:00:00
1,2,497.0,247.0,735.0,1245.0,4,0,1,0,2024-01-14 19:00:00
11,1,32.0,305.0,1331.0,946.0,4,0,1,0,2024-01-09 06:00:00
5,3,334.0,9.0,1449.0,521.0,1,0,1,0,2024-02-10 04:00:00
10,5,833.0,825.0,3538.0,3772.0,9,1,1,1,2024-01-16 22:00:00
9,4,227.0,157.0,765.0,888.0,3,0,1,0,2024-01-22 06:00:00
6,1,54.0,52.0,780.0,1084.0,1,0,1,0,2024-02-06 04:00:00
11,1,32.0,8.0,778.0,965.0,2,0,1,0,2024-01-08 13:00:00
11,2,474.0,8.0,536.0,1120.0,2,0,1,0,2024-01-13 09:00:00
1,1,52.0,95.0,1427.0,981.0,3,0,1,0,2024-01-30 06:00:00
1,3,52.0,247.0,714.0,1162.0,3,0,1,0,2024-01-14 23:00:00
2,7,969.0,704.0,3342.0,4530.0,5,1,1,1,2024-01-11 04:00:00
9,2,227.0,157.0,510.0,613.0,1,0,1,0,2024-01-10 00:00:00
3,4,18.0,117.0,1358.0,1097.0,3,1,1,0,2024-01-31 14:00:00
1,2,497.0,247.0,1232.0,985.0,3,1,1,0,2024-01-08 03:00:00
5,2,334.0,210.0,1447.0,527.0,2,0,1,0,2024-01-09 11:00:00
7,4,27.0,26.0,1282.0,881.0,2,0,1,0,2024-02-10 20:00:00
6,2,258.0,52.0,814.0,607.0,2,1,1,0,2024-01-23 21:00:00
12,6,945.0,691.0,2629.0,4664.0,6,1,1,1,2024-01-25 07:00:00
1,1,497.0,95.0,1198.0,896.0,4,0,1,0,2024-02-01 22:00:00
5,1,73.0,210.0,865.0,1114.0,3,1,1,0,2024-01-06 05:00:00
5,4,334.0,9.0,1067.0,1306.0,3,0,1,0,2024-01-17 02:00:00
6,1,258.0,375.0,507.0,800.0,2,0,1,0,2024-01-11 14:00:00
3,1,18.0,6.0,562.0,1463.0,3,0,1,0,2024-01-14 16:00:00
5,2,334.0,210.0,1036.0,1036.0,1,0,1,0,2024-01-21 04:00:00
7,3,237.0,26.0,1067.0,1119.0,3,0,1,0,2024-01-29 10:00:00
5,1,73.0,9.0,1252.0,1181.0,3,0,1,0,2024-01-09 22:00:00
5,3,334.0,9.0,632.0,1167.0,3,0,1,0,2024-01-25 15:00:00
5,1,73.0,9.0,1014.0,1011.0,3,0,1,0,2024-02-05 00:00:00
10,6,2537.0,825.0,3638.0,2211.0,7,1,1,1,2024-01-12 10:00:00
10,8,2537.0,2120.0,2103.0,2079.0,9,1,1,1,2024-01-31 20:00:00
3,4,18.0,117.0,911.0,523.0,1,0,1,0,2024-01-19 15:00:00
1,4,497.0,95.0,664.0,858.0,1,0,1,0,2024-02-01 03:00:00
5,3,73.0,210.0,722.0,834.0,3,0,1,0,2024-01-24 22:00:00
9,2,227.0,157.0,818.0,888.0,2,0,1,0,2024-02-06 01:00:00
1,1,497.0,247.0,760.0,639.0,4,1,1,0,2024-01-04 02:00:00
3,1,18.0,117.0,588.0,1239.0,3,0,1,0,2024-02-02 11:00:00
4,1,497.0,86.0,590.0,1357.0,3,0,1,0,2024-01-03 11:00:00
1,3,497.0,247.0,694.0,1439.0,3,0,1,0,2024-01-06 23:00:00
1,4,497.0,95.0,551.0,993.0,2,1,1,0,2024-02-09 16:00:00
8,2,67.0,432.0,1127.0,1201.0,2,0,1,0,2024-01-23 09:00:00
2,7,1637.0,2906.0,3311.0,3086.0,3,1,1,1,2024-01-25 23:00:00
12,5,2280.0,2987.0,2436.0,2307.0,6,1,1,1,2024-02-08 16:00:00
8,3,236.0,44.0,832.0,810.0,1,0,1,0,2024-01-16 17:00:00
7,2,237.0,26.0,1163.0,1437.0,4,0,1,0,2024-01-30 12:00:00
10,8,2537.0,825.0,2512.0,2784.0,9,1,1,1,2024-01-26 21:00:00
10,8,833.0,2120.0,3500.0,3615.0,7,1,1,1,2024-02-02 04:00:00
2,6,969.0,2906.0,4354.0,2032.0,6,1,1,1,2024-01-03 01:00:00
6,1,258.0,52.0,985.0,609.0,2,0,1,0,2024-01-14 17:00:00
6,2,54.0,375.0,1194.0,1343.0,2,0,1,0,2024-01-12 20:00:00
3,1,405.0,6.0,1053.0,1115.0,4,0,1,0,2024-02-01 04:00:00
11,3,474.0,305.0,717.0,826.0,2,1,1,0,2024-01-22 21:00:00
2,9,1637.0,704.0,2280.0,3879.0,5,1,1,1,2024-01-13 11:00:00
12,8,945.0,2987.0,4714.0,4233.0,9,1,1,1,2024-02-07 18:00:00
1,3,52.0,247.0,1411.0,1084.0,2,1,1,0,2024-02-03 00:00:00
6,4,54.0,52.0,1048.0,707.0,2,0,1,0,2024-01-15 19:00:00
12,8,2280.0,691.0,4907.0,4418.0,4,1,1,1,2024-01-14 14:00:00
5,1,334.0,9.0,847.0,585.0,4,0,1,0,2024-01-23 19:00:00
11,3,32.0,8.0,908.0,857.0,2,0,1,0,2024-01-13 18:00:00
9,2,227.0,96.0,626.0,1181.0,1,0,1,0,2024-01-01 05:00:00
1,1,52.0,95.0,672.0,775.0,1,0,1,0,2024-02-10 01:00:00
7,3,237.0,26.0,1328.0,1328.0,3,1,1,0,2024-01-30 01:00:00
5,1,73.0,9.0,1085.0,1240.0,2,0,1,0,2024-01-26 15:00:00
5,2,73.0,210.0,838.0,1290.0,4,1,1,0,2024-01-27 15:00:00
2,8,1637.0,2906.0,3563.0,4112.0,6,1,1,1,2024-01-31 21:00:00
11,3,474.0,305.0,747.0,641.0,3,0,1,0,2024-01-28 00:00:00
3,2,18.0,117.0,1477.0,787.0,2,1,1,0,2024-01-25 21:00:00
7,1,237.0,26.0,845.0,1019.0,1,0,1,0,2024-01-23 01:00:00
6,2,54.0,52.0,838.0,1249.0,2,0,1,0,2024-01-24 20:00:00
12,9,945.0,691.0,4976.0,2815.0,5,1,1,1,2024-01-28 15:00:00
2,7,1637.0,704.0,4510.0,3953.0,9,1,1,1,2024-01-01 09:00:00
6,2,258.0,375.0,612.0,1429.0,1,0,1,0,2024-01-10 21:00:00
2,7,969.0,704.0,4491.0,4904.0,5,1,1,1,2024-02-05 03:00:00
2,8,1637.0,704.0,4869.0,4589.0,9,1,1,1,2024-01-02 21:00:00
2,7,1637.0,704.0,4095.0,3347.0,5,1,1,1,2024-01-20 07:00:00
11,1,474.0,8.0,642.0,1197.0,3,0,1,0,2024-01-04 13:00:00
3,1,405.0,117.0,1046.0,693.0,4,1,1,0,2024-01-06 21:00:00
2,6,1637.0,704.0,2624.0,2189.0,6,1,1,1,2024-01-17 10:00:00
4,3,497.0,421.0,546.0,1033.0,4,0,1,0,2024-02-07 09:00:00
9,3,84.0,96.0,1157.0,1322.0,1,0,1,0,2024-01-03 03:00:00
6,1,54.0,52.0,1036.0,602.0,2,0,1,0,2024-01-27 03:00:00
1,1,497.0,95.0,583.0,1292.0,3,1,1,0,2024-01-16 12:00:00
8,3,67.0,432.0,535.0,1312.0,3,0,1,0,2024-01-17 06:00:00
12,6,2280.0,691.0,4370.0,3415.0,3,1,1,1,2024-01-18 08:00:00
7,2,27.0,26.0,531.0,558.0,1,0,1,0,2024-01-21 14:00:00
10,9,2537.0,2120.0,3782.0,4723.0,7,1,1,1,2024-02-02 00:00:00
3,1,18.0,117.0,1005.0,1208.0,1,1,1,0,2024-02-01 02:00:00
1,3,497.0,95.0,618.0,1212.0,3,1,1,0,2024-02-04 02:00:00
5,2,73.0,9.0,670.0,1399.0,4,0,1,0,2024-01-29 03:00:00
4,3,44.0,86.0,852.0,1083.0,3,0,1,0,2024-01-19 19:00:00
10,5,833.0,2120.0,2446.0,4540.0,8,1,1,1,2024-01-23 23:00:00
8,2,236.0,44.0,1008.0,622.0,1,0,1,0,2024-01-29 18:00:00
1,2,497.0,247.0,1138.0,1222.0,4,1,1,0,2024-02-06 16:00:00
10,9,2537.0,825.0,3197.0,3472.0,7,1,1,1,2024-01-18 01:00:00
1,4,52.0,95.0,1269.0,829.0,3,0,1,0,2024-01-31 04:00:00
12,6,945.0,2987.0,3991.0,4133.0,4,1,1,1,2024-01-14 21:00:00
4,4,497.0,421.0,947.0,525.0,1,1,1,0,2024-01-13 17:00:00
8,3,67.0,432.0,1119.0,749.0,2,0,1,0,2024-02-11 10:00:00
5,2,334.0,210.0,1166.0,908.0,2,0,1,0,2024-02-06 22:00:00
2,6,1637.0,2906.0,2061.0,3429.0,4,1,1,1,2024-01-09 02:00:00
6,4,54.0,375.0,1145.0,637.0,2,0,1,0,2024-01-01 13:00:00
5,1,73.0,210.0,524.0,1229.0,2,0,1,0,2024-01-23 18:00:00
2,8,969.0,2906.0,3439.0,4068.0,6,1,1,1,2024-01-11 00:00:00
11,1,32.0,8.0,779.0,758.0,2,0,1,0,2024-01-26 01:00:00
11,1,474.0,8.0,630.0,1275.0,3,0,1,0,2024-01-17 00:00:00
11,4,474.0,8.0,600.0,886.0,2,0,1,0,2024-02-10 00:00:00
3,2,405.0,6.0,1104.0,1007.0,2,0,1,0,2024-01-10 07:00:00
9,1,84.0,96.0,1024.0,1357.0,1,0,1,0,2024-01-01 02:00:00
7,2,237.0,26.0,754.0,1250.0,3,0,1,0,2024-01-01 12:00:00
7,3,237.0,26.0,971.0,1306.0,4,0,1,0,2024-01-12 11:00:00
11,1,32.0,305.0,993.0,637.0,4,0,1,0,2024-01-22 00:00:00
6,4,258.0,52.0,696.0,570.0,1,1,1,0,2024-01-27 19:00:00
8,3,236.0,432.0,1153.0,1394.0,1,0,1,0,2024-02-10 22:00:00
4,3,44.0,421.0,1281.0,888.0,3,0,1,0,2024-01-17 12:00:00
8,4,67.0,432.0,1292.0,788.0,4,0,1,0,2024-02-09 04:00:00
4,1,44.0,86.0,1103.0,1225.0,2,0,1,0,2024-01-26 06:00:00
8,1,67.0,432.0,1012.0,1337.0,1,0,1,0,2024-01-24 09:00:00
9,3,227.0,96.0,562.0,1363.0,4,1,1,0,2024-01-17 19:00:00
3,1,405.0,117.0,788.0,816.0,3,0,1,0,2024-01-03 22:00:00
3,2,18.0,117.0,594.0,1353.0,2,0,1,0,2024-02-03 02:00:00
11,4,32.0,8.0,1464.0,541.0,3,0,1,0,2024-01-18 05:00:00
2,7,969.0,2906.0,3542.0,3824.0,9,1,1,1,2024-01-26 19:00:00
10,9,2537.0,825.0,4714.0,2112.0,3,1,1,1,2024-01-29 14:00:00
3,3,405.0,117.0,1390.0,564.0,4,0,1,0,2024-01-06 09:00:00
3,4,18.0,117.0,1444.0,825.0,4,0,1,0,2024-01-16 15:00:00
5,1,73.0,210.0,1266.0,1173.0,4,0,1,0,2024-01-10 11:00:00
5,1,73.0,9.0,506.0,838.0,2,1,1,0,2024-02-08 11:00:00
2,7,1637.0,2906.0,2721.0,3615.0,6,1,1,1,2024-02-11 01:00:00
12,5,2280.0,2987.0,3038.0,3318.0,6,1,1,1,2024-02-03 01:00:00
10,7,2537.0,825.0,4997.0,3606.0,3,1,1,1,2024-02-08 07:00:00
6,4,54.0,52.0,519.0,976.0,1,1,1,0,2024-01-14 20:00:00
5,4,334.0,9.0,965.0,1284.0,1,0,1,0,2024-01-25 18:00:00
6,3,258.0,52.0,1444.0,1251.0,4,0,1,0,2024-01-19 21:00:00
1,2,497.0,95.0,824.0,957.0,1,1,1,0,2024-02-05 10:00:00
5,4,73.0,210.0,1162.0,1346.0,3,1,1,0,2024-01-20 10:00:00
9,3,227.0,157.0,1153.0,615.0,2,0,1,0,2024-01-26 04:00:00
12,8,945.0,691.0,2515.0,2339.0,4,1,1,1,2024-01-20 13:00:00
10,5,2537.0,825.0,4962.0,4115.0,6,1,1,1,2024-02-04 11:00:00
2,9,1637.0,704.0,2375.0,3407.0,5,1,1,1,2024-01-04 18:00:00
1,2,52.0,95.0,623.0,1482.0,2,0,1,0,2024-01-02 19:00:00
10,8,833.0,825.0,4646.0,3018.0,7,1,1,1,2024-02-10 03:00:00
11,1,32.0,8.0,614.0,1292.0,4,0,1,0,2024-01-09 13:00:00
9,4,84.0,157.0,1497.0,903.0,4,0,1,0,2024-01-21 16:00:00
10,6,2537.0,825.0,3184.0,2334.0,4,1,1,1,2024-01-31 07:00:00
9,1,84.0,157.0,1095.0,883.0,2,0,1,0,2024-01-10 16:00:00
9,4,227.0,157.0,912.0,1220.0,1,0,1,0,2024-02-11 05:00:00
6,1,258.0,375.0,627.0,1048.0,2,0,1,0,2024-01-22 02:00:00
8,1,236.0,44.0,528.0,1444.0,3,1,1,0,2024-01-02 11:00:00
11,1,32.0,305.0,1123.0,751.0,3,0,1,0,2024-02-05 01:00:00
1,2,52.0,247.0,1307.0,601.0,1,0,1,0,2024-01-04 00:00:00
10,8,833.0,825.0,4060.0,2836.0,6,1,1,1,2024-01-01 20:00:00
4,1,44.0,86.0,983.0,1117.0,1,0,1,0,2024-01-22 13:00:00
1,4,52.0,247.0,1278.0,1361.0,4,0,1,0,2024-02-04 17:00:00
8,2,67.0,44.0,1173.0,847.0,2,1,1,0,2024-01-19 18:00:00
1,1,497.0,247.0,1225.0,1154.0,4,0,1,0,2024-01-13 06:00:00
3,3,18.0,117.0,993.0,851.0,4,0,1,0,2024-02-01 19:00:00
4,2,497.0,86.0,1134.0,1118.0,2,0,1,0,2024-02-01 01:00:00
8,3,67.0,432.0,1306.0,1385.0,3,0,1,0,2024-01-08 06:00:00
6,4,258.0,375.0,898.0,732.0,2,1,1,0,2024-01-31 09:00:00
10,9,2537.0,825.0,3250.0,4315.0,8,1,1,1,2024-02-09 23:00:00
12,5,945.0,691.0,2237.0,4118.0,4,1,1,1,2024-01-05 20:00:00
7,4,27.0,342.0,666.0,1369.0,1,0,1,0,2024-01-22 17:00:00
8,3,236.0,44.0,525.0,1065.0,1,0,1,0,2024-02-11 00:00:00
2,7,1637.0,704.0,3759.0,2882.0,3,1,1,1,2024-01-21 13:00:00
10,5,833.0,825.0,3946.0,3054.0,7,1,1,1,2024-01-04 03:00:00
11,1,32.0,305.0,1340.0,1018.0,3,0,1,0,2024-01-17 07:00:00
8,2,67.0,44.0,628.0,1349.0,4,0,1,0,2024-01-15 16:00:00
3,4,18.0,6.0,1301.0,1186.0,1,0,1,0,2024-02-02 22:00:00
7,3,27.0,26.0,1364.0,791.0,2,0,1,0,2024-02-08 20:00:00
3,4,18.0,6.0,651.0,702.0,1,0,1,0,2024-01-03 04:00:00
7,4,27.0,342.0,1352.0,766.0,3,0,1,0,2024-01-10 04:00:00
11,4,474.0,305.0,1492.0,670.0,1,0,1,0,2024-02-02 06:00:00
12,8,2280.0,691.0,4080.0,4735.0,7,1,1,1,2024-01-02 04:00:00
2,6,969.0,2906.0,4293.0,2833.0,5,1,1,1,2024-01-16 08:00:00
10,5,2537.0,825.0,2929.0,4436.0,3,1,1,1,2024-01-02 10:00:00
6,4,54.0,52.0,1106.0,672.0,4,0,1,0,2024-02-06 23:00:00
3,1,405.0,117.0,808.0,1048.0,3,1,1,0,2024-01-16 14:00:00
3,1,18.0,117.0,1338.0,665.0,1,0,1,0,2024-01-07 04:00:00
9,3,227.0,157.0,1115.0,564.0,1,0,1,0,2024-01-09 01:00:00
7,1,27.0,26.0,1082.0,818.0,2,0,1,0,2024-02-02 05:00:00
5,1,334.0,210.0,754.0,721.0,3,0,1,0,2024-02-08 06:00:00
12,5,945.0,2987.0,4355.0,3958.0,4,1,1,1,2024-01-29 11:00:00
10,5,2537.0,2120.0,3819.0,2959.0,4,1,1,1,2024-01-09 09:00:00
7,4,237.0,342.0,1425.0,1252.0,1,0,1,0,2024-01-13 07:00:00
9,3,84.0,96.0,826.0,1407.0,3,1,1,0,2024-01-01 16:00:00
1,3,497.0,95.0,628.0,1244.0,2,1,1,0,2024-01-15 07:00:00
7,2,27.0,342.0,943.0,1033.0,2,0,1,0,2024-01-12 15:00:00
6,4,54.0,375.0,543.0,1361.0,2,0,1,0,2024-02-08 18:00:00
10,7,833.0,825.0,3572.0,2491.0,6,1,1,1,2024-01-08 09:00:00
12,8,945.0,2987.0,4480.0,4322.0,8,1,1,1,2024-02-08 23:00:00
9,3,227.0,96.0,1338.0,895.0,1,0,1,0,2024-01-18 17:00:00
1,1,52.0,247.0,628.0,1351.0,3,0,1,0,2024-01-30 20:00:00
4,2,44.0,421.0,627.0,846.0,1,0,1,0,2024-02-08 21:00:00
9,1,84.0,96.0,1314.0,536.0,3,0,1,0,2024-01-11 18:00:00
4,3,44.0,86.0,1425.0,1247.0,2,0,1,0,2024-01-19 20:00:00
10,8,833.0,825.0,2074.0,3308.0,4,1,1,1,2024-01-25 02:00:00
3,3,405.0,6.0,999.0,661.0,4,0,1,0,2024-01-20 01:00:00
9,2,84.0,96.0,819.0,1038.0,1,0,1,0,2024-01-25 22:00:00
2,5,1637.0,704.0,4980.0,3501.0,7,1,1,1,2024-01-24 04:00:00
4,4,44.0,421.0,1145.0,1220.0,1,0,1,0,2024-02-05 02:00:00
6,3,54.0,375.0,789.0,772.0,3,1,1,0,2024-01-03 17:00:00
2,5,1637.0,2906.0,4275.0,2482.0,6,1,1,1,2024-02-10 14:00:00
8,2,67.0,432.0,1392.0,1345.0,1,0,1,0,2024-01-14 09:00:00
8,3,236.0,44.0,514.0,977.0,2,0,1,0,2024-01-05 04:00:00
1,3,52.0,247.0,823.0,1170.0,2,0,1,0,2024-01-03 15:00:00
12,5,2280.0,2987.0,4742.0,3076.0,4,1,1,1,2024-02-11 02:00:00
3,4,405.0,117.0,649.0,799.0,2,0,1,0,2024-01-08 04:00:00
10,7,833.0,825.0,4373.0,3357.0,7,1,1,1,2024-01-14 11:00:00
9,2,227.0,96.0,1316.0,655.0,2,0,1,0,2024-01-16 18:00:00
5,1,73.0,210.0,1395.0,873.0,2,0,1,0,2024-01-15 00:00:00
6,1,258.0,375.0,1324.0,710.0,3,0,1,0,2024-02-10 21:00:00
4,4,44.0,86.0,1399.0,1196.0,2,0,1,0,2024-02-11 08:00:00
10,6,833.0,2120.0,2036.0,2049.0,5,1,1,1,2024-02-07 21:00:00
2,5,969.0,2906.0,4381.0,3023.0,8,1,1,1,2024-02-02 18:00:00
11,4,474.0,305.0,885.0,951.0,1,0,1,0,2024-01-07 18:00:00
8,1,236.0,44.0,1167.0,753.0,4,0,1,0,2024-01-18 07:00:00
11,2,474.0,8.0,1489.0,943.0,3,0,1,0,2024-02-07 10:00:00
6,3,258.0,52.0,726.0,1348.0,4,0,1,0,2024-01-22 20:00:00
5,1,334.0,9.0,890.0,707.0,4,1,1,0,2024-01-06 00:00:00
9,1,84.0,157.0,981.0,1453.0,4,0,1,0,2024-01-29 15:00:00
1,1,52.0,95.0,639.0,842.0,1,0,1,0,2024-01-05 18:00:00
5,4,334.0,210.0,582.0,1486.0,1,0,1,0,2024-01-18 22:00:00
6,3,258.0,375.0,1330.0,1339.0,1,0,1,0,2024-01-26 05:00:00
5,2,334.0,210.0,1477.0,1309.0,3,1,1,0,2024-01-12 12:00:00
6,4,54.0,52.0,905.0,818.0,1,0,1,0,2024-01-16 19:00:00
6,4,54.0,52.0,588.0,509.0,1,1,1,0,2024-01-23 22:00:00
7,4,237.0,26.0,566.0,883.0,4,0,1,0,2024-02-02 23:00:00
